,id,amount_ethereum,amount_dollars,transaction_date
0,8000,0.50Ξ,($112),"Aug 03, 2017"
1,8001,39.50Ξ,"($60,178)","Feb 23, 2021"
2,8001,32Ξ,"($54,235)","Feb 23, 2021"
3,8001,0.49Ξ,($85),"May 06, 2019"
4,8002,0.05Ξ,($30),"Jun 08, 2018"
5,8004,0.95Ξ,($354),"Sep 10, 2020"
6,8004,0.90Ξ,($190),"May 19, 2020"
7,8006,47Ξ,"($73,811)","Mar 03, 2021"
8,8006,18.89Ξ,"($34,583)","Feb 14, 2021"
9,8009,3.17Ξ,($641),"May 14, 2020"
10,8009,0.31Ξ,($64),"Jul 10, 2017"
11,8010,109Ξ,"($231,690)","Jun 28, 2021"
12,8010,155Ξ,"($329,037)","Apr 10, 2021"
13,8011,12.99Ξ,"($25,301)","Feb 19, 2021"
14,8011,2.90Ξ,"($1,031)","Sep 26, 2020"
15,8011,2.75Ξ,"($1,046)","Sep 20, 2020"
16,8012,6.50Ξ,"($2,340)","Oct 09, 2020"
17,8012,4.50Ξ,"($1,599)","Sep 26, 2020"
18,8012,0.49Ξ,($85),"May 06, 2019"
19,8013,26Ξ,"($37,738)","Mar 01, 2021"
20,8014,9.80Ξ,"($17,720)","Feb 14, 2021"
21,8015,28.75Ξ,"($109,571)","May 08, 2021"
22,8015,32.50Ξ,"($67,866)","Apr 09, 2021"
23,8015,25.50Ξ,"($46,234)","Mar 12, 2021"
24,8015,8.30Ξ,"($14,980)","Feb 13, 2021"
25,8018,29Ξ,"($59,944)","Apr 08, 2021"
26,8018,21Ξ,"($35,637)","Mar 27, 2021"
27,8019,0.10Ξ,($47),"Dec 04, 2017"
28,8020,38.69Ξ,"($122,624)","May 03, 2021"
29,8020,25.85Ξ,"($47,521)","Mar 30, 2021"
30,8020,0.23Ξ,($236),"Jan 17, 2018"
31,8020,0.08Ξ,($24),"Sep 30, 2017"
32,8021,4.92Ξ,"($3,194)","Dec 27, 2020"
33,8021,4.92Ξ,"($3,190)","Dec 18, 2020"
34,8021,0.10Ξ,($38),"Apr 02, 2018"
35,8022,0.10Ξ,($46),"Dec 03, 2017"
36,8027,0.24Ξ,($68),"Jun 27, 2017"
37,8028,32.88Ξ,"($80,849)","Apr 26, 2021"
38,8028,10Ξ,"($18,194)","Feb 14, 2021"
39,8028,0.70Ξ,($115),"Apr 13, 2019"
40,8029,16.20Ξ,"($37,856)","Jun 17, 2021"
41,8029,15Ξ,"($40,064)","May 19, 2021"
42,8029,14.98Ξ,"($58,201)","May 14, 2021"
43,8029,13Ξ,"($49,926)","May 13, 2021"
44,8029,3.50Ξ,"($1,206)","Sep 25, 2020"
45,8029,3.25Ξ,"($1,236)","Sep 20, 2020"
46,8031,3.44Ξ,"($1,236)","Sep 28, 2020"
47,8031,2.99Ξ,"($1,055)","Sep 27, 2020"
48,8031,2.30Ξ,($796),"Sep 24, 2020"
49,8031,2.19Ξ,($761),"Sep 24, 2020"
50,8031,1.80Ξ,($613),"Sep 22, 2020"
51,8032,0.10Ξ,($136),"Jan 14, 2018"
52,8033,64.90Ξ,"($137,328)","Jul 10, 2021"
53,8033,54Ξ,"($96,103)","Mar 18, 2021"
54,8033,45Ξ,"($79,271)","Mar 12, 2021"
55,8033,25Ξ,"($47,909)","Feb 18, 2021"
56,8033,0.12Ξ,($68),"May 27, 2018"
57,8035,60Ξ,"($124,891)","Apr 09, 2021"
58,8035,43Ξ,"($88,057)","Apr 08, 2021"
59,8035,51.31Ξ,"($92,309)","Mar 21, 2021"
60,8035,0.23Ξ,($196),"Feb 10, 2018"
61,8036,2.50Ξ,($925),"Sep 12, 2020"
62,8036,0.27Ξ,($56),"Jul 10, 2017"
63,8037,0.10Ξ,($28),"Jun 25, 2017"
64,8038,41Ξ,"($79,559)","Mar 13, 2021"
65,8038,28Ξ,"($53,833)","Mar 13, 2021"
66,8040,0.15Ξ,($17),"Nov 27, 2018"
67,8043,5.50Ξ,"($6,735)","Jan 09, 2021"
68,8045,32Ξ,"($73,796)","Apr 24, 2021"
69,8045,30Ξ,"($51,272)","Mar 27, 2021"
70,8046,5Ξ,"($6,709)","Jan 10, 2021"
71,8046,0.90Ξ,($192),"May 09, 2020"
72,8046,0.55Ξ,($84),"Jan 14, 2020"
73,8046,0.25Ξ,($45),"Sep 03, 2019"
74,8048,14Ξ,"($26,010)","Feb 18, 2021"
75,8048,2.65Ξ,($918),"Sep 25, 2020"
76,8048,2.30Ξ,($796),"Sep 24, 2020"
77,8049,28Ξ,"($49,985)","Mar 15, 2021"
78,8049,3.60Ξ,"($1,288)","Sep 28, 2020"
79,8049,2.99Ξ,"($1,028)","Sep 25, 2020"
80,8049,2.70Ξ,($931),"Sep 25, 2020"
81,8049,2.50Ξ,($865),"Sep 24, 2020"
82,8049,2.19Ξ,($706),"Sep 23, 2020"
83,8049,1.80Ξ,($613),"Sep 22, 2020"
84,8050,24.25Ξ,"($45,280)","Jul 17, 2021"
85,8050,20.50Ξ,"($43,479)","Jul 10, 2021"
86,8050,2.50Ξ,($834),"Sep 24, 2020"
87,8051,17.88Ξ,"($35,276)","Feb 21, 2021"
88,8051,4Ξ,"($1,433)","Sep 28, 2020"
89,8051,1.90Ξ,($726),"Sep 19, 2020"
90,8051,1.90Ξ,($716),"Sep 14, 2020"
91,8051,0.26Ξ,($40),"Nov 23, 2019"
92,8051,0.25Ξ,($38),"Nov 23, 2019"
93,8052,24Ξ,"($76,599)","May 03, 2021"
94,8053,59Ξ,"($114,823)","Jul 14, 2021"
95,8053,54.99Ξ,"($120,075)","Apr 12, 2021"
96,8054,5.98Ξ,"($2,129)","Sep 29, 2020"
97,8054,1.09Ξ,($380),"Sep 09, 2020"
98,8054,0.53Ξ,($91),"Apr 17, 2020"
99,8057,39.99Ξ,"($75,124)","Mar 15, 2021"
100,8057,34.99Ξ,"($65,427)","Mar 15, 2021"
101,8058,18.50Ξ,"($31,232)","Mar 28, 2021"
102,8059,2.49Ξ,($958),"Sep 19, 2020"
103,8059,0.90Ξ,($353),"Aug 23, 2020"
104,8060,0.30Ξ,($62),"Oct 20, 2018"
105,8061,24.98Ξ,"($53,530)","Apr 11, 2021"
106,8061,24Ξ,"($44,356)","Mar 20, 2021"
107,8061,23Ξ,"($40,948)","Mar 17, 2021"
108,8061,0.78Ξ,($128),"Jan 16, 2020"
109,8061,0.40Ξ,($49),"Dec 17, 2019"
110,8061,0.25Ξ,($47),"Sep 15, 2019"
111,8062,13.49Ξ,"($25,779)","Feb 19, 2021"
112,8062,8.50Ξ,"($15,378)","Feb 14, 2021"
113,8062,1.95Ξ,($715),"Sep 15, 2020"
114,8062,0.90Ξ,($182),"May 22, 2020"
115,8064,0.80Ξ,($180),"Aug 03, 2017"
116,8065,0.70Ξ,($111),"Apr 04, 2019"
117,8066,95Ξ,"($209,302)","Apr 19, 2021"
118,8067,20.50Ξ,"($43,581)","Apr 12, 2021"
119,8067,2.65Ξ,($925),"Sep 25, 2020"
120,8067,2.40Ξ,($831),"Sep 24, 2020"
121,8067,2.19Ξ,($752),"Sep 24, 2020"
122,8067,1.80Ξ,($613),"Sep 22, 2020"
123,8069,25.45Ξ,"($39,498)","Feb 23, 2021"
124,8069,22.50Ξ,"($42,896)","Feb 21, 2021"
125,8069,0.30Ξ,($54),"Oct 26, 2019"
126,8070,0.59Ξ,($51),"Dec 13, 2018"
127,8071,0.37Ξ,($45),"Dec 17, 2019"
128,8071,0.25Ξ,($47),"Sep 15, 2019"
129,8072,0.05Ξ,($29),"May 31, 2018"
130,8075,37Ξ,"($150,069)","May 10, 2021"
131,8075,1.11Ξ,($260),"Jun 22, 2020"
132,8075,0.90Ξ,($182),"May 22, 2020"
133,8078,22.25Ξ,"($31,848)","Mar 01, 2021"
134,8080,25Ξ,"($43,889)","Feb 22, 2021"
135,8081,11Ξ,"($19,835)","Feb 16, 2021"
136,8081,6.70Ξ,"($12,249)","Feb 12, 2021"
137,8082,40Ξ,"($68,001)","Mar 23, 2021"
138,8082,19.50Ξ,"($35,509)","Feb 16, 2021"
139,8082,12.75Ξ,"($22,485)","Feb 15, 2021"
140,8082,10Ξ,"($17,518)","Feb 15, 2021"
141,8085,0.43Ξ,($116),"Jul 04, 2017"
142,8087,25Ξ,"($42,132)","Feb 23, 2021"
143,8087,13.99Ξ,"($27,803)","Feb 20, 2021"
144,8087,11Ξ,"($21,635)","Feb 19, 2021"
145,8089,18.88Ξ,"($39,533)","Jul 11, 2021"
146,8089,17.99Ξ,"($38,571)","Jul 08, 2021"
147,8091,19.99Ξ,"($45,401)","Apr 13, 2021"
148,8091,4.20Ξ,"($4,456)","Jan 05, 2021"
149,8091,1.90Ξ,($709),"Sep 14, 2020"
150,8091,1.25Ξ,($458),"Sep 11, 2020"
151,8091,0.59Ξ,($80),"Jan 04, 2020"
152,8091,0.30Ξ,($69),"Jul 20, 2019"
153,8092,0.39Ξ,($58),"Dec 05, 2019"
154,8092,0.25Ξ,($47),"Sep 15, 2019"
155,8093,0.32Ξ,($86),"Jul 04, 2017"
156,8095,24.94Ξ,"($46,384)","Mar 15, 2021"
157,8095,11Ξ,"($19,962)","Feb 17, 2021"
158,8095,5Ξ,"($1,863)","Oct 11, 2020"
159,8095,0.88Ξ,($142),"Jan 16, 2020"
160,8095,0.37Ξ,($49),"Dec 22, 2019"
161,8095,0.25Ξ,($38),"Nov 22, 2019"
162,8098,1.50Ξ,($300),"May 26, 2020"
163,8098,0.30Ξ,($113),"Aug 07, 2018"
164,8099,0.31Ξ,($69),"Jul 18, 2017"
165,8100,4Ξ,"($1,361)","Sep 06, 2020"
166,8100,<0.01Ξ,($<0.01),"Aug 20, 2020"
167,8101,2.50Ξ,($961),"Sep 20, 2020"
168,8103,30Ξ,"($53,525)","Mar 18, 2021"
169,8103,11.50Ξ,"($20,799)","Feb 14, 2021"
170,8104,0.54Ξ,($107),"Apr 29, 2020"
171,8105,50Ξ,"($77,528)","Feb 03, 2021"
172,8107,2.90Ξ,"($1,022)","Sep 26, 2020"
173,8107,2.75Ξ,"($1,046)","Sep 20, 2020"
174,8108,14.88Ξ,"($28,304)","Feb 18, 2021"
175,8108,4.80Ξ,"($1,690)","Oct 02, 2020"
176,8108,3.27Ξ,"($1,173)","Sep 28, 2020"
177,8108,1.08Ξ,($397),"Sep 10, 2020"
178,8108,0.91Ξ,($192),"May 19, 2020"
179,8109,22Ξ,"($45,940)","Apr 09, 2021"
180,8109,16.50Ξ,"($34,106)","Apr 08, 2021"
181,8113,29.99Ξ,"($67,601)","Apr 13, 2021"
182,8113,24Ξ,"($43,514)","Mar 12, 2021"
183,8116,23.50Ξ,"($41,893)","Mar 19, 2021"
184,8116,24Ξ,"($43,114)","Mar 16, 2021"
185,8122,4.98Ξ,"($1,864)","Oct 12, 2020"
186,8122,1.80Ξ,($617),"Sep 22, 2020"
187,8123,0.11Ξ,($51),"Dec 04, 2017"
188,8124,30Ξ,"($64,869)","Jul 12, 2021"
189,8124,34.99Ξ,"($53,763)","Mar 06, 2021"
190,8124,27Ξ,"($51,800)","Feb 22, 2021"
191,8124,16Ξ,"($28,946)","Feb 14, 2021"
192,8124,0.30Ξ,($63),"Aug 09, 2019"
193,8125,8Ξ,"($9,855)","Jan 24, 2021"
194,8125,0.53Ξ,($92),"May 06, 2019"
195,8130,0.95Ξ,($219),"Mar 06, 2020"
196,8130,0.75Ξ,($139),"Feb 04, 2020"
197,8130,0.49Ξ,($120),"Jun 11, 2019"
198,8132,5.20Ξ,"($6,735)","Jan 28, 2021"
199,8132,5.20Ξ,"($1,836)","Sep 29, 2020"
200,8132,0.46Ξ,($80),"May 06, 2019"
201,8132,0.25Ξ,($25),"Dec 19, 2018"
202,8133,0.08Ξ,($56),"Apr 24, 2018"
203,8134,3.99Ξ,($834),"May 03, 2020"
204,8134,1Ξ,($272),"Jun 20, 2019"
205,8135,1.25Ξ,($252),"May 26, 2020"
206,8139,23.90Ξ,"($46,112)","Jul 16, 2021"
207,8139,5.87Ξ,"($7,399)","Jan 27, 2021"
208,8140,28.50Ξ,"($53,487)","Mar 14, 2021"
209,8140,18.50Ξ,"($36,027)","Feb 20, 2021"
210,8142,0.30Ξ,($91),"Jun 24, 2017"
211,8143,21.50Ξ,"($41,020)","Jun 22, 2021"
212,8143,22.50Ξ,"($66,137)","May 02, 2021"
213,8143,21Ξ,"($43,004)","Apr 08, 2021"
214,8143,2.75Ξ,($949),"Sep 25, 2020"
215,8143,2.30Ξ,($796),"Sep 24, 2020"
216,8144,19.50Ξ,"($47,470)","Apr 16, 2021"
217,8144,3.50Ξ,"($1,252)","Sep 28, 2020"
218,8144,2.30Ξ,($796),"Sep 24, 2020"
219,8146,30Ξ,"($39,578)","Jan 10, 2021"
220,8146,10Ξ,"($1,339)","Jan 04, 2020"
221,8146,1Ξ,"($1,139)","Jan 11, 2018"
222,8146,0.38Ξ,($117),"Oct 30, 2017"
223,8148,34.50Ξ,"($63,004)","Mar 11, 2021"
224,8149,30Ξ,"($65,107)","Jul 09, 2021"
225,8149,24Ξ,"($47,826)","Apr 07, 2021"
226,8150,8.79Ξ,"($15,996)","Feb 15, 2021"
227,8151,9.49Ξ,"($16,901)","Feb 16, 2021"
228,8152,0.05Ξ,($13),"Jun 26, 2017"
229,8153,9Ξ,"($16,456)","Feb 14, 2021"
230,8154,21Ξ,"($39,904)","Jul 17, 2021"
231,8157,0.99Ξ,($353),"Sep 09, 2020"
232,8157,0.89Ξ,($195),"May 03, 2020"
233,8158,22Ξ,"($45,405)","Apr 08, 2021"
234,8158,18Ξ,"($37,206)","Apr 08, 2021"
235,8158,7.40Ξ,"($13,335)","Feb 13, 2021"
236,8158,2.08Ξ,($755),"Sep 15, 2020"
237,8158,2Ξ,($737),"Sep 15, 2020"
238,8158,1.90Ξ,($716),"Sep 14, 2020"
239,8158,0.30Ξ,($51),"Sep 29, 2019"
240,8158,0.30Ξ,($69),"Jul 20, 2019"
241,8163,25.59Ξ,"($37,531)","Feb 26, 2021"
242,8163,1.50Ξ,($581),"Sep 13, 2020"
243,8164,5Ξ,"($1,867)","Oct 11, 2020"
244,8164,5.99Ξ,"($2,233)","Oct 11, 2020"
245,8164,1.97Ξ,($717),"Sep 13, 2020"
246,8164,1.45Ξ,($341),"May 31, 2020"
247,8164,1.55Ξ,($311),"May 26, 2020"
248,8164,0.99Ξ,($142),"Jan 07, 2020"
249,8166,23.50Ξ,"($39,308)","Mar 26, 2021"
250,8166,22.99Ξ,"($38,910)","Mar 23, 2021"
251,8168,19Ξ,"($43,283)","Jul 05, 2021"
252,8171,24.99Ξ,"($43,424)","Jun 26, 2021"
253,8171,25.25Ξ,"($66,810)","Apr 27, 2021"
254,8171,24.99Ξ,"($65,910)","Apr 27, 2021"
255,8171,20.50Ξ,"($46,248)","Apr 25, 2021"
256,8172,23.32Ξ,"($61,505)","Apr 27, 2021"
257,8172,23.75Ξ,"($36,507)","Mar 01, 2021"
258,8173,22.95Ξ,"($35,747)","Mar 04, 2021"
259,8175,25.80Ξ,"($55,416)","Apr 12, 2021"
260,8175,22.99Ξ,"($47,928)","Apr 09, 2021"
261,8175,21Ξ,"($43,407)","Apr 08, 2021"
262,8176,19.25Ξ,"($43,186)","Apr 19, 2021"
263,8177,19.95Ξ,"($49,015)","Apr 15, 2021"
264,8177,19.80Ξ,"($40,837)","Apr 09, 2021"
265,8177,14Ξ,"($28,899)","Apr 04, 2021"
266,8177,23Ξ,"($39,894)","Feb 22, 2021"
267,8177,15Ξ,"($29,370)","Feb 21, 2021"
268,8178,24.90Ξ,"($51,390)","Apr 08, 2021"
269,8178,19.99Ξ,"($35,494)","Mar 11, 2021"
270,8178,0.49Ξ,($88),"Oct 12, 2019"
271,8180,19.50Ξ,"($32,434)","Mar 23, 2021"
272,8183,6.50Ξ,"($2,472)","Sep 20, 2020"
273,8183,0.25Ξ,($66),"Jul 06, 2017"
274,8185,23.89Ξ,"($66,117)","Apr 29, 2021"
275,8185,22Ξ,"($59,658)","Apr 28, 2021"
276,8185,19Ξ,"($32,290)","Mar 23, 2021"
277,8187,25Ξ,"($33,249)","Feb 01, 2021"
278,8187,7.09Ξ,"($10,031)","Jan 25, 2021"
279,8187,1.95Ξ,($603),"Jun 28, 2019"
280,8188,20Ξ,"($36,395)","Feb 15, 2021"
281,8188,16Ξ,"($29,255)","Feb 14, 2021"
282,8188,7.50Ξ,"($2,658)","Oct 05, 2020"
283,8188,1.55Ξ,($600),"Aug 04, 2020"
284,8188,2Ξ,($380),"May 10, 2020"
285,8188,0.65Ξ,($83),"Jan 03, 2020"
286,8189,0.98Ξ,($365),"Sep 10, 2020"
287,8189,0.90Ξ,($182),"May 22, 2020"
288,8190,6Ξ,"($2,339)","Oct 21, 2020"
289,8190,8.50Ξ,"($3,083)","Sep 28, 2020"
290,8190,5.75Ξ,"($2,187)","Sep 20, 2020"
291,8190,0.79Ξ,($113),"Jan 10, 2020"
292,8190,0.55Ξ,($145),"Jun 12, 2019"
293,8191,105Ξ,"($182,951)","Mar 11, 2021"
294,8191,82Ξ,"($129,776)","Mar 04, 2021"
295,8195,0.50Ξ,($124),"May 15, 2019"
296,8195,0.40Ξ,($53),"Mar 13, 2019"
297,8195,0.20Ξ,($27),"Feb 27, 2019"
298,8195,0.10Ξ,($30),"Oct 31, 2017"
299,8196,29.99Ξ,"($40,806)","Feb 28, 2021"
300,8196,23.99Ξ,"($42,520)","Feb 22, 2021"
301,8196,5Ξ,"($1,819)","Sep 28, 2020"
302,8197,22.40Ξ,"($48,225)","Apr 18, 2021"
303,8198,21.70Ξ,"($41,306)","Jul 17, 2021"
304,8198,20.50Ξ,"($78,684)","May 09, 2021"
305,8205,0.50Ξ,($108),"Aug 11, 2019"
306,8208,15.90Ξ,"($32,032)","Jun 28, 2021"
307,8208,22Ξ,"($33,542)","Mar 04, 2021"
308,8209,23.50Ξ,"($36,604)","Mar 02, 2021"
309,8209,0.18Ξ,($53),"Aug 13, 2017"
310,8209,0.30Ξ,($58),"Jul 19, 2017"
311,8210,15Ξ,"($29,020)","Feb 18, 2021"
312,8211,0.53Ξ,($102),"Apr 27, 2020"
313,8212,20Ξ,"($39,888)","Jul 14, 2021"
314,8212,7.80Ξ,"($14,343)","Feb 14, 2021"
315,8212,4.60Ξ,"($1,720)","Oct 12, 2020"
316,8212,2.50Ξ,($961),"Sep 20, 2020"
317,8213,14Ξ,"($47,884)","May 18, 2021"
318,8213,13.50Ξ,"($44,104)","May 17, 2021"
319,8213,19Ξ,"($65,253)","May 05, 2021"
320,8213,22Ξ,"($69,824)","May 03, 2021"
321,8214,0.29Ξ,($46),"Apr 15, 2019"
322,8215,6.25Ξ,"($11,087)","Feb 12, 2021"
323,8215,5.30Ξ,"($8,440)","Feb 05, 2021"
324,8215,4.50Ξ,"($5,468)","Jan 07, 2021"
325,8215,0.10Ξ,($74),"Dec 29, 2017"
326,8216,0.65Ξ,($168),"Feb 20, 2020"
327,8216,0.69Ξ,($111),"Jan 16, 2020"
328,8219,140Ξ,"($150,275)","Jan 06, 2021"
329,8220,37.50Ξ,"($124,339)","May 03, 2021"
330,8220,32.50Ξ,"($47,760)","Feb 27, 2021"
331,8220,13Ξ,"($22,984)","Feb 09, 2021"
332,8221,42.50Ξ,"($78,654)","Mar 20, 2021"
333,8224,17.95Ξ,"($35,171)","Feb 21, 2021"
334,8224,0.25Ξ,($140),"Mar 21, 2018"
335,8224,0.15Ξ,($65),"Dec 10, 2017"
336,8226,23.45Ξ,"($47,244)","Jul 12, 2021"
337,8226,2.50Ξ,($865),"Sep 24, 2020"
338,8226,1.79Ξ,($673),"Sep 14, 2020"
339,8226,1.50Ξ,($310),"May 28, 2020"
340,8226,1.40Ξ,($291),"May 24, 2020"
341,8226,1.10Ξ,($218),"May 21, 2020"
342,8227,18.80Ξ,"($36,044)","Feb 20, 2021"
343,8227,8.88Ξ,"($16,126)","Feb 14, 2021"
344,8227,4Ξ,"($2,931)","Dec 31, 2020"
345,8229,0.49Ξ,($42),"Dec 13, 2018"
346,8230,0.39Ξ,($94),"Jul 07, 2017"
347,8231,0.05Ξ,($29),"Jun 01, 2018"
348,8233,8.50Ξ,"($15,561)","Feb 14, 2021"
349,8233,0.20Ξ,($57),"Jul 02, 2017"
350,8234,0.15Ξ,($33),"Oct 03, 2018"
351,8237,17Ξ,"($63,924)","May 13, 2021"
352,8237,22.50Ξ,"($59,533)","Apr 27, 2021"
353,8237,19.25Ξ,"($46,795)","Apr 21, 2021"
354,8237,0.60Ξ,($85),"Mar 16, 2019"
355,8237,0.30Ξ,($43),"Mar 16, 2019"
356,8237,0.05Ξ,($25),"Jun 12, 2018"
357,8238,2.90Ξ,"($1,086)","Sep 14, 2020"
358,8238,0.98Ξ,($370),"Aug 07, 2020"
359,8238,1.49Ξ,($296),"May 26, 2020"
360,8239,0.15Ξ,($68),"Dec 08, 2017"
361,8241,0.23Ξ,($107),"Nov 28, 2017"
362,8242,36.69Ξ,"($65,980)","Mar 21, 2021"
363,8242,33Ξ,"($59,422)","Mar 16, 2021"
364,8242,35Ξ,"($47,105)","Feb 28, 2021"
365,8242,17Ξ,"($32,705)","Feb 18, 2021"
366,8242,12.75Ξ,"($23,187)","Feb 14, 2021"
367,8242,8.50Ξ,"($15,446)","Feb 14, 2021"
368,8243,24.49Ξ,"($46,622)","Feb 19, 2021"
369,8244,4.13Ξ,"($1,524)","Oct 20, 2020"
370,8244,0.09Ξ,($60),"May 01, 2018"
371,8246,1.99Ξ,($771),"Sep 13, 2020"
372,8246,0.25Ξ,($38),"Nov 23, 2019"
373,8247,6.80Ξ,"($11,200)","Feb 03, 2021"
374,8247,6Ξ,"($3,711)","Dec 23, 2020"
375,8249,21.40Ξ,"($49,821)","Apr 23, 2021"
376,8249,0.18Ξ,($53),"Aug 13, 2017"
377,8249,0.30Ξ,($58),"Jul 19, 2017"
378,8250,0.35Ξ,($60),"Apr 21, 2019"
379,8251,0.65Ξ,($184),"Sep 20, 2017"
380,8252,0.51Ξ,($44),"Dec 13, 2018"
381,8253,28.25Ξ,"($54,380)","Feb 21, 2021"
382,8253,25Ξ,"($49,323)","Feb 21, 2021"
383,8253,0.57Ξ,($81),"Mar 31, 2019"
384,8254,1.30Ξ,($205),"Apr 28, 2019"
385,8255,0.39Ξ,($105),"Jul 04, 2017"
386,8256,0.27Ξ,($23),"Dec 13, 2018"
387,8260,0.14Ξ,($105),"May 07, 2018"
388,8262,29Ξ,"($61,937)","Apr 11, 2021"
389,8262,9.75Ξ,"($17,682)","Feb 17, 2021"
390,8262,8.08Ξ,"($14,388)","Feb 15, 2021"
391,8262,5.50Ξ,"($4,033)","Dec 30, 2020"
392,8262,2.85Ξ,($969),"Sep 23, 2020"
393,8262,1.99Ξ,($736),"Sep 15, 2020"
394,8262,1.30Ξ,($261),"May 26, 2020"
395,8263,29Ξ,"($51,523)","Mar 21, 2021"
396,8264,33Ξ,"($81,077)","Apr 15, 2021"
397,8267,0.85Ξ,($222),"May 19, 2019"
398,8267,0.08Ξ,($16),"Oct 14, 2018"
399,8268,29Ξ,"($73,443)","Apr 16, 2021"
400,8268,26.05Ξ,"($43,649)","Mar 27, 2021"
401,8270,39.50Ξ,"($71,798)","Mar 18, 2021"
402,8271,22.97Ξ,"($62,748)","Apr 29, 2021"
403,8273,24.50Ξ,"($40,398)","Feb 24, 2021"
404,8273,23.30Ξ,"($39,365)","Feb 24, 2021"
405,8273,9.10Ξ,"($16,607)","Feb 14, 2021"
406,8274,28Ξ,"($48,808)","Mar 08, 2021"
407,8274,25Ξ,"($36,557)","Feb 23, 2021"
408,8274,11Ξ,"($19,399)","Feb 15, 2021"
409,8274,5.70Ξ,"($2,020)","Oct 05, 2020"
410,8274,0.51Ξ,($99),"Apr 26, 2020"
411,8274,0.50Ξ,($72),"Jan 07, 2020"
412,8274,0.25Ξ,($45),"Sep 02, 2019"
413,8275,0.65Ξ,($160),"May 23, 2019"
414,8275,0.35Ξ,($61),"May 06, 2019"
415,8276,0.40Ξ,($48),"Jan 22, 2019"
416,8276,0.10Ξ,($60),"Jun 08, 2018"
417,8278,44.95Ξ,"($65,293)","Mar 01, 2021"
418,8278,0.45Ξ,($133),"Jun 21, 2019"
419,8279,11.25Ξ,"($20,115)","Feb 16, 2021"
420,8279,6.90Ξ,"($9,349)","Jan 26, 2021"
421,8279,2.90Ξ,($992),"Sep 22, 2020"
422,8279,1.50Ξ,($312),"May 22, 2020"
423,8280,28.69Ξ,"($53,896)","Mar 15, 2021"
424,8280,6.75Ξ,"($7,720)","Jan 06, 2021"
425,8280,6Ξ,"($2,104)","Oct 03, 2020"
426,8280,5.50Ξ,"($1,973)","Sep 30, 2020"
427,8280,0.05Ξ,($28),"May 30, 2018"
428,8282,42.67Ξ,"($125,935)","May 03, 2021"
429,8282,27.99Ξ,"($57,228)","Apr 03, 2021"
430,8282,42Ξ,"($74,440)","Feb 22, 2021"
431,8282,0.79Ξ,($105),"Mar 11, 2019"
432,8282,0.50Ξ,($102),"Jul 25, 2017"
433,8284,12Ξ,"($15,605)","Jan 27, 2021"
434,8284,6Ξ,"($8,389)","Jan 25, 2021"
435,8284,2Ξ,($619),"Jun 28, 2019"
436,8284,0.57Ξ,($96),"May 07, 2019"
437,8285,23.25Ξ,"($43,713)","Mar 14, 2021"
438,8285,20.95Ξ,"($30,685)","Feb 27, 2021"
439,8285,20.49Ξ,"($31,416)","Feb 25, 2021"
440,8285,2.99Ξ,"($1,061)","Sep 25, 2020"
441,8285,2.20Ξ,($740),"Sep 24, 2020"
442,8285,1.90Ξ,($717),"Sep 14, 2020"
443,8285,0.25Ξ,($38),"Nov 23, 2019"
444,8287,23.97Ξ,"($66,338)","Apr 29, 2021"
445,8288,19.84Ξ,"($42,414)","Jul 11, 2021"
446,8288,23.10Ξ,"($73,294)","May 03, 2021"
447,8288,0.43Ξ,($57),"Dec 30, 2019"
448,8288,0.10Ξ,($30),"Sep 01, 2018"
449,8289,0.10Ξ,($48),"Jul 18, 2018"
450,8291,0.16Ξ,($36),"Jul 18, 2017"
451,8292,16Ξ,"($37,832)","Jun 13, 2021"
452,8294,25.04Ξ,"($61,901)","Apr 17, 2021"
453,8294,25Ξ,"($62,016)","Apr 17, 2021"
454,8298,20Ξ,"($36,473)","Mar 31, 2021"
455,8298,32Ξ,"($57,068)","Feb 22, 2021"
456,8298,1Ξ,($166),"Jan 15, 2020"
457,8298,0.10Ξ,($37),"Nov 20, 2017"
458,8299,65.64Ξ,"($145,811)","Jul 05, 2021"
459,8299,60Ξ,"($135,156)","May 29, 2021"
460,8299,79.99Ξ,"($148,243)","Mar 20, 2021"
461,8300,0.70Ξ,($116),"Apr 24, 2019"
462,8300,0.05Ξ,($19),"Apr 04, 2018"
463,8301,0.14Ξ,($29),"Oct 23, 2018"
464,8302,37.99Ξ,"($73,072)","Jul 15, 2021"
465,8302,32Ξ,"($73,694)","Apr 14, 2021"
466,8302,5.99Ξ,"($3,766)","Dec 22, 2020"
467,8302,5Ξ,"($1,889)","Oct 15, 2020"
468,8302,4Ξ,"($1,445)","Oct 09, 2020"
469,8302,0.25Ξ,($45),"Sep 08, 2019"
470,8303,9Ξ,"($11,133)","Jan 27, 2021"
471,8303,1.50Ξ,($305),"May 22, 2020"
472,8305,46Ξ,"($88,250)","Feb 18, 2021"
473,8306,18Ξ,"($49,802)","Jun 05, 2021"
474,8307,40Ξ,"($14,470)","Oct 01, 2020"
475,8307,58.50Ξ,"($21,021)","Sep 28, 2020"
476,8308,1.10Ξ,($421),"Aug 26, 2020"
477,8309,1.20Ξ,($467),"Aug 26, 2020"
478,8309,0.76Ξ,($103),"Jan 05, 2020"
479,8312,0.54Ξ,($77),"Jan 07, 2020"
480,8312,0.53Ξ,($76),"Jan 07, 2020"
481,8312,0.35Ξ,($77),"Jul 19, 2019"
482,8313,1.99Ξ,($416),"May 03, 2020"
483,8313,1.25Ξ,($165),"Dec 30, 2019"
484,8315,8.90Ξ,"($15,605)","Feb 09, 2021"
485,8315,5.89Ξ,"($2,123)","Sep 29, 2020"
486,8315,5.50Ξ,"($1,983)","Sep 29, 2020"
487,8315,2.99Ξ,"($1,097)","Sep 14, 2020"
488,8317,12Ξ,"($15,251)","Jan 27, 2021"
489,8320,14Ξ,"($10,315)","Dec 31, 2020"
490,8322,18.42Ξ,"($42,519)","Jul 06, 2021"
491,8322,2.30Ξ,($795),"Sep 24, 2020"
492,8322,0.55Ξ,($110),"May 14, 2020"
493,8325,49.98Ξ,"($100,672)","Jul 13, 2021"
494,8325,35Ξ,"($149,096)","May 12, 2021"
495,8325,0.49Ξ,($482),"Jan 23, 2018"
496,8325,0.19Ξ,($237),"Jan 10, 2018"
497,8326,15Ξ,"($37,138)","May 22, 2021"
498,8326,0.95Ξ,($218),"Jul 04, 2020"
499,8326,0.57Ξ,($77),"Jan 04, 2020"
500,8326,0.35Ξ,($86),"Jul 08, 2017"
501,8327,25.85Ξ,"($55,349)","Apr 11, 2021"
502,8327,1Ξ,($400),"Aug 04, 2020"
503,8328,0.15Ξ,($57),"Apr 04, 2018"
504,8330,0.69Ξ,($60),"Dec 13, 2018"
505,8331,21.95Ξ,"($42,112)","Feb 22, 2021"
506,8331,20Ξ,"($38,499)","Feb 21, 2021"
507,8331,1.50Ξ,($352),"Jun 02, 2020"
508,8331,0.30Ξ,($58),"Jul 19, 2017"
509,8332,0.74Ξ,($149),"May 17, 2020"
510,8334,34.50Ξ,"($109,344)","May 03, 2021"
511,8335,16.75Ξ,"($34,623)","Apr 08, 2021"
512,8335,3.50Ξ,"($1,252)","Sep 28, 2020"
513,8335,3Ξ,"($1,053)","Sep 26, 2020"
514,8335,2.50Ξ,($865),"Sep 24, 2020"
515,8337,22.50Ξ,"($42,006)","Mar 10, 2021"
516,8339,0.00Ξ,($0.00),"Jun 29, 2021"
517,8339,2.50Ξ,($961),"Sep 20, 2020"
518,8341,19.90Ξ,"($36,075)","Mar 11, 2021"
519,8341,4.89Ξ,"($3,566)","Dec 29, 2020"
520,8341,3.40Ξ,"($1,221)","Sep 28, 2020"
521,8341,2.89Ξ,"($1,020)","Sep 27, 2020"
522,8341,2.30Ξ,($796),"Sep 24, 2020"
523,8343,5Ξ,"($1,881)","Oct 14, 2020"
524,8343,4.85Ξ,"($1,857)","Oct 14, 2020"
525,8343,5.85Ξ,"($2,085)","Sep 29, 2020"
526,8343,5.45Ξ,"($1,933)","Sep 29, 2020"
527,8343,0.50Ξ,($67),"Jan 04, 2020"
528,8343,0.25Ξ,($54),"Jul 22, 2019"
529,8344,18Ξ,"($28,601)","Feb 03, 2021"
530,8348,85Ξ,"($18,102)","May 20, 2020"
531,8348,26.40Ξ,"($4,395)","Sep 24, 2019"
532,8348,1.50Ξ,($456),"Oct 01, 2017"
533,8351,21.99Ξ,"($39,863)","Mar 11, 2021"
534,8351,22.10Ξ,"($30,775)","Feb 28, 2021"
535,8352,27.99Ξ,"($58,991)","Jul 11, 2021"
536,8352,23Ξ,"($41,296)","Mar 21, 2021"
537,8356,0.35Ξ,($93),"Jul 05, 2017"
538,8357,5.35Ξ,"($1,824)","Oct 07, 2020"
539,8357,4.70Ξ,"($1,681)","Sep 28, 2020"
540,8357,5Ξ,"($1,828)","Sep 15, 2020"
541,8357,3Ξ,"($1,128)","Sep 14, 2020"
542,8357,0.99Ξ,($217),"May 03, 2020"
543,8357,0.06Ξ,($45),"May 07, 2018"
544,8358,13.50Ξ,"($32,443)","Jun 08, 2021"
545,8358,13.50Ξ,"($26,293)","Feb 18, 2021"
546,8358,9.88Ξ,"($18,131)","Feb 17, 2021"
547,8358,3.17Ξ,"($1,119)","Sep 27, 2020"
548,8358,2.97Ξ,"($1,051)","Sep 27, 2020"
549,8363,22Ξ,"($54,761)","Apr 26, 2021"
550,8363,21.99Ξ,"($52,235)","Apr 23, 2021"
551,8363,18.90Ξ,"($46,986)","Apr 17, 2021"
552,8363,26Ξ,"($45,660)","Mar 13, 2021"
553,8363,24Ξ,"($46,045)","Feb 22, 2021"
554,8365,55Ξ,"($106,141)","Apr 01, 2021"
555,8365,40Ξ,"($67,442)","Mar 23, 2021"
556,8366,0.09Ξ,($79),"Feb 09, 2018"
557,8372,23.75Ξ,"($75,273)","May 03, 2021"
558,8372,23.50Ξ,"($74,563)","May 03, 2021"
559,8372,21.98Ξ,"($60,777)","Apr 30, 2021"
560,8372,21.25Ξ,"($49,327)","Apr 23, 2021"
561,8375,24.50Ξ,"($46,507)","Jul 18, 2021"
562,8375,21.98Ξ,"($54,002)","Apr 15, 2021"
563,8376,24.10Ξ,"($70,301)","May 01, 2021"
564,8376,22.99Ξ,"($47,448)","Apr 08, 2021"
565,8376,22.99Ξ,"($41,181)","Mar 16, 2021"
566,8376,0.60Ξ,($80),"Jan 03, 2020"
567,8378,15Ξ,"($40,230)","Jun 06, 2021"
568,8379,22.88Ξ,"($36,831)","Mar 03, 2021"
569,8379,4.50Ξ,"($1,679)","Oct 10, 2020"
570,8379,4.99Ξ,"($1,821)","Sep 28, 2020"
571,8379,0.86Ξ,($332),"Aug 25, 2020"
572,8379,1.33Ξ,($303),"Jun 20, 2020"
573,8380,35Ξ,"($51,264)","Feb 27, 2021"
574,8380,25.50Ξ,"($41,078)","Feb 24, 2021"
575,8380,23.88Ξ,"($46,657)","Feb 21, 2021"
576,8380,18.88Ξ,"($35,893)","Feb 18, 2021"
577,8381,21.90Ξ,"($37,986)","Feb 22, 2021"
578,8381,21.50Ξ,"($41,211)","Feb 22, 2021"
579,8383,15.49Ξ,"($30,560)","Feb 21, 2021"
580,8383,2.96Ξ,"($1,052)","Sep 26, 2020"
581,8385,17Ξ,"($28,094)","Mar 07, 2021"
582,8385,0.51Ξ,($68),"Jan 04, 2020"
583,8387,1Ξ,($143),"Mar 30, 2019"
584,8389,19.95Ξ,"($40,476)","Jul 12, 2021"
585,8389,19Ξ,"($44,706)","Jul 07, 2021"
586,8389,20.38Ξ,"($78,235)","May 09, 2021"
587,8389,21.97Ξ,"($57,098)","Apr 28, 2021"
588,8389,4.10Ξ,"($1,476)","Oct 09, 2020"
589,8389,3.52Ξ,"($1,236)","Oct 08, 2020"
590,8389,4.25Ξ,"($1,523)","Sep 28, 2020"
591,8389,2.17Ξ,($737),"Sep 23, 2020"
592,8389,1.90Ξ,($643),"Sep 23, 2020"
593,8389,1.88Ξ,($690),"Sep 15, 2020"
594,8389,0.26Ξ,($40),"Nov 23, 2019"
595,8389,0.25Ξ,($38),"Nov 23, 2019"
596,8390,0.20Ξ,($23),"Nov 29, 2018"
597,8392,60Ξ,"($81,976)","Feb 28, 2021"
598,8393,27Ξ,"($41,511)","Mar 04, 2021"
599,8394,26Ξ,"($51,533)","Apr 07, 2021"
600,8394,25Ξ,"($50,143)","Feb 20, 2021"
601,8394,19.95Ξ,"($38,376)","Feb 19, 2021"
602,8394,17Ξ,"($32,485)","Feb 19, 2021"
603,8394,8.50Ξ,"($14,627)","Feb 06, 2021"
604,8394,8Ξ,"($13,432)","Feb 04, 2021"
605,8395,30Ξ,"($74,027)","Apr 15, 2021"
606,8395,24Ξ,"($40,517)","Mar 28, 2021"
607,8395,19.77Ξ,"($35,955)","Feb 17, 2021"
608,8395,3.30Ξ,($679),"May 27, 2020"
609,8395,1.90Ξ,($326),"Jan 17, 2020"
610,8395,0.45Ξ,($63),"Mar 20, 2019"
611,8395,0.35Ξ,($42),"Jan 18, 2019"
612,8395,0.15Ξ,($39),"Sep 21, 2017"
613,8396,14.20Ξ,"($42,172)","May 19, 2021"
614,8396,5.29Ξ,"($3,831)","Dec 30, 2020"
615,8399,24.49Ξ,"($77,619)","May 03, 2021"
616,8401,36Ξ,"($68,448)","Jul 16, 2021"
617,8401,20Ξ,"($38,476)","Feb 18, 2021"
618,8401,1.11Ξ,($270),"Jun 23, 2020"
619,8401,0.75Ξ,($175),"May 18, 2019"
620,8402,0.79Ξ,($234),"Aug 08, 2017"
621,8403,2Ξ,($386),"Apr 27, 2020"
622,8405,49.99Ξ,"($96,229)","Feb 21, 2021"
623,8405,15Ξ,"($27,788)","Feb 13, 2021"
624,8406,0.10Ξ,($70),"Dec 13, 2017"
625,8407,1.50Ξ,($200),"Jan 04, 2020"
626,8408,18.99Ξ,"($74,426)","May 10, 2021"
627,8408,2.29Ξ,($792),"Sep 24, 2020"
628,8408,2.19Ξ,($752),"Sep 24, 2020"
629,8408,1.80Ξ,($613),"Sep 22, 2020"
630,8409,14.79Ξ,"($29,179)","Feb 21, 2021"
631,8409,13.54Ξ,"($25,959)","Feb 20, 2021"
632,8409,2.90Ξ,"($1,031)","Sep 26, 2020"
633,8409,2.75Ξ,($937),"Sep 25, 2020"
634,8409,2.29Ξ,($792),"Sep 24, 2020"
635,8409,2.19Ξ,($757),"Sep 24, 2020"
636,8409,1.80Ξ,($613),"Sep 22, 2020"
637,8411,33Ξ,"($55,949)","Mar 27, 2021"
638,8411,15Ξ,"($27,424)","Feb 12, 2021"
639,8414,1.50Ξ,($314),"Apr 29, 2020"
640,8414,0.60Ξ,($145),"Jul 07, 2017"
641,8417,0.40Ξ,($98),"Jul 08, 2017"
642,8419,29.69Ξ,"($98,444)","May 03, 2021"
643,8419,23.50Ξ,"($57,355)","Apr 16, 2021"
644,8423,6.82Ξ,"($12,698)","Feb 13, 2021"
645,8423,3.12Ξ,"($1,079)","Sep 24, 2020"
646,8423,0.79Ξ,($146),"May 11, 2020"
647,8424,23.75Ξ,"($36,274)","Feb 23, 2021"
648,8424,0.49Ξ,($65),"Jan 04, 2020"
649,8425,0.59Ξ,($112),"Jul 11, 2017"
650,8425,0.35Ξ,($86),"Jul 08, 2017"
651,8427,15.99Ξ,"($29,343)","Feb 17, 2021"
652,8427,6Ξ,"($3,772)","Dec 22, 2020"
653,8428,20.90Ξ,"($41,615)","Feb 20, 2021"
654,8428,17.90Ξ,"($33,948)","Feb 18, 2021"
655,8428,12.00Ξ,"($21,968)","Feb 14, 2021"
656,8429,23.48Ξ,"($44,860)","Mar 13, 2021"
657,8429,15.99Ξ,"($28,301)","Mar 10, 2021"
658,8429,0.35Ξ,($38),"Jan 30, 2019"
659,8429,0.10Ξ,($56),"Mar 20, 2018"
660,8430,15Ξ,"($28,375)","Feb 18, 2021"
661,8431,28.95Ξ,"($51,451)","Feb 17, 2021"
662,8431,0.85Ξ,($209),"May 23, 2019"
663,8431,0.70Ξ,($116),"Apr 06, 2019"
664,8432,0Ξ,($3),"Jul 03, 2017"
665,8432,0.10Ξ,($29),"Jun 29, 2017"
666,8433,15.98Ξ,"($30,572)","Jun 24, 2021"
667,8433,0.20Ξ,($37),"Sep 11, 2018"
668,8433,0.10Ξ,($76),"Jan 01, 2018"
669,8434,0.50Ξ,($61),"Dec 17, 2019"
670,8435,25.50Ξ,"($35,675)","Feb 28, 2021"
671,8436,13.99Ξ,"($27,803)","Feb 20, 2021"
672,8436,8.20Ξ,"($14,831)","Feb 14, 2021"
673,8436,4.60Ξ,"($4,681)","Jan 05, 2021"
674,8436,4.25Ξ,"($1,485)","Oct 09, 2020"
675,8436,4.25Ξ,"($1,491)","Oct 08, 2020"
676,8436,3.52Ξ,"($1,236)","Oct 08, 2020"
677,8436,5.80Ξ,"($2,110)","Sep 28, 2020"
678,8436,4Ξ,"($1,431)","Sep 28, 2020"
679,8436,3.75Ξ,"($1,290)","Sep 25, 2020"
680,8436,3.50Ξ,"($1,210)","Sep 24, 2020"
681,8436,3.25Ξ,"($1,236)","Sep 20, 2020"
682,8440,65Ξ,"($115,641)","Feb 22, 2021"
683,8440,13.50Ξ,"($19,335)","Feb 02, 2021"
684,8442,0.79Ξ,($181),"Jun 26, 2020"
685,8444,20.59Ξ,"($70,460)","May 04, 2021"
686,8444,20.95Ξ,"($70,097)","May 04, 2021"
687,8444,17.50Ξ,"($31,537)","Mar 11, 2021"
688,8444,16.99Ξ,"($30,223)","Mar 11, 2021"
689,8444,5.80Ξ,"($2,076)","Sep 29, 2020"
690,8444,5.55Ξ,"($1,969)","Sep 29, 2020"
691,8444,0.50Ξ,($67),"Jan 04, 2020"
692,8445,80.88Ξ,"($136,893)","Mar 23, 2021"
693,8445,60Ξ,"($80,963)","Feb 28, 2021"
694,8446,24Ξ,"($46,327)","Mar 13, 2021"
695,8448,7.00Ξ,"($12,623)","Feb 13, 2021"
696,8449,19.99Ξ,"($35,819)","Mar 08, 2021"
697,8449,25.75Ξ,"($40,441)","Mar 02, 2021"
698,8451,32Ξ,"($101,421)","May 03, 2021"
699,8451,25Ξ,"($73,140)","May 02, 2021"
700,8451,14.40Ξ,"($27,626)","Feb 18, 2021"
701,8453,16Ξ,"($40,902)","Jun 09, 2021"
702,8453,16Ξ,"($33,693)","Apr 05, 2021"
703,8454,32Ξ,"($57,863)","Mar 12, 2021"
704,8455,1.90Ξ,($780),"Sep 03, 2020"
705,8455,0.13Ξ,($49),"Apr 04, 2018"
706,8456,22.94Ξ,"($79,730)","May 07, 2021"
707,8456,20.99Ξ,"($43,291)","Apr 09, 2021"
708,8456,16.99Ξ,"($33,098)","Feb 21, 2021"
709,8456,1.50Ξ,($302),"May 22, 2020"
710,8457,4.67Ξ,"($5,790)","Jan 23, 2021"
711,8457,2.90Ξ,"($1,031)","Sep 26, 2020"
712,8457,2.50Ξ,($951),"Sep 20, 2020"
713,8458,0.19Ξ,($47),"Sep 21, 2018"
714,8458,0.06Ξ,($47),"May 06, 2018"
715,8459,28.50Ξ,"($108,622)","May 16, 2021"
716,8459,24.80Ξ,"($101,474)","May 10, 2021"
717,8460,32Ξ,"($61,703)","Jul 16, 2021"
718,8463,27Ξ,"($43,445)","Feb 23, 2021"
719,8464,16.75Ξ,"($43,167)","Jun 15, 2021"
720,8464,22.85Ξ,"($67,166)","May 02, 2021"
721,8464,25Ξ,"($43,570)","Mar 13, 2021"
722,8464,25Ξ,"($38,502)","Mar 01, 2021"
723,8465,0.27Ξ,($127),"Nov 26, 2017"
724,8468,33.99Ξ,"($72,612)","Apr 11, 2021"
725,8468,25Ξ,"($41,665)","Mar 26, 2021"
726,8468,30Ξ,"($54,998)","Mar 20, 2021"
727,8469,34.99Ξ,"($63,531)","Mar 19, 2021"
728,8472,130Ξ,"($224,930)","Feb 11, 2021"
729,8474,31.50Ξ,"($59,932)","Jul 17, 2021"
730,8474,31.50Ξ,"($70,070)","Apr 18, 2021"
731,8474,30Ξ,"($68,992)","Apr 13, 2021"
732,8475,16.68Ξ,"($32,908)","Feb 21, 2021"
733,8475,13.68Ξ,"($26,459)","Feb 21, 2021"
734,8475,5.98Ξ,"($10,703)","Feb 11, 2021"
735,8475,4.98Ξ,"($6,160)","Jan 27, 2021"
736,8475,0.05Ξ,($26),"May 28, 2018"
737,8476,2.70Ξ,($942),"Sep 25, 2020"
738,8476,2.20Ξ,($761),"Sep 24, 2020"
739,8476,1.80Ξ,($667),"Sep 20, 2020"
740,8477,0.20Ξ,($57),"Jul 02, 2017"
741,8478,28Ξ,"($52,580)","Feb 22, 2021"
742,8479,35Ξ,"($63,255)","Mar 12, 2021"
743,8479,34Ξ,"($51,965)","Feb 23, 2021"
744,8479,19.99Ξ,"($39,196)","Feb 21, 2021"
745,8481,22.88Ξ,"($47,682)","Jul 09, 2021"
746,8481,19Ξ,"($44,562)","May 22, 2021"
747,8481,26.99Ξ,"($63,868)","Apr 21, 2021"
748,8481,25Ξ,"($60,515)","Apr 16, 2021"
749,8485,30Ξ,"($57,224)","Jul 16, 2021"
750,8485,21Ξ,"($33,815)","Mar 06, 2021"
751,8485,27.49Ξ,"($42,239)","Mar 06, 2021"
752,8485,0.50Ξ,($87),"May 06, 2019"
753,8487,0.70Ξ,($122),"Apr 20, 2019"
754,8488,4.50Ξ,"($5,821)","Jan 10, 2021"
755,8488,3.50Ξ,"($1,939)","Nov 22, 2020"
756,8488,0.27Ξ,($31),"Dec 20, 2018"
757,8488,0.32Ξ,($65),"Jul 26, 2017"
758,8489,28Ξ,"($52,233)","Mar 14, 2021"
759,8489,15Ξ,"($29,045)","Feb 18, 2021"
760,8490,3.15Ξ,"($1,878)","Dec 05, 2020"
761,8490,2.40Ξ,"($1,452)","Nov 24, 2020"
762,8490,4.89Ξ,"($1,722)","Oct 06, 2020"
763,8490,5.49Ξ,"($1,925)","Oct 03, 2020"
764,8491,19Ξ,"($36,348)","Feb 18, 2021"
765,8492,12.99Ξ,"($26,289)","Feb 20, 2021"
766,8492,11Ξ,"($21,544)","Feb 19, 2021"
767,8494,22.99Ξ,"($73,376)","May 03, 2021"
768,8494,21.47Ξ,"($53,976)","Apr 27, 2021"
769,8494,20.30Ξ,"($49,916)","Apr 26, 2021"
770,8494,0.79Ξ,($178),"Jun 28, 2020"
771,8495,15Ξ,"($29,863)","Feb 20, 2021"
772,8495,4Ξ,"($4,176)","Jan 05, 2021"
773,8495,2.50Ξ,($933),"Sep 14, 2020"
774,8495,1.89Ξ,($712),"Sep 14, 2020"
775,8495,1.20Ξ,($465),"Sep 13, 2020"
776,8497,24Ξ,"($61,221)","Apr 27, 2021"
777,8497,21.49Ξ,"($38,807)","Mar 11, 2021"
778,8498,3.99Ξ,"($5,424)","Jan 14, 2018"
779,8498,5Ξ,($953),"Jul 11, 2017"
780,8501,23.39Ξ,"($74,132)","May 03, 2021"
781,8501,24.98Ξ,"($79,172)","May 03, 2021"
782,8501,22.50Ξ,"($52,619)","Apr 14, 2021"
783,8503,1.39Ξ,($287),"May 27, 2020"
784,8504,24.75Ξ,"($67,278)","Apr 29, 2021"
785,8504,24Ξ,"($43,514)","Mar 12, 2021"
786,8504,11.50Ξ,"($20,112)","Feb 16, 2021"
787,8504,9.75Ξ,"($17,404)","Feb 15, 2021"
788,8504,8Ξ,"($14,014)","Feb 15, 2021"
789,8507,0.05Ξ,($14),"Jun 27, 2017"
790,8508,21.25Ξ,"($47,008)","Apr 25, 2021"
791,8508,22Ξ,"($39,888)","Mar 12, 2021"
792,8508,5.49Ξ,"($9,433)","Feb 08, 2021"
793,8508,5.20Ξ,"($1,835)","Oct 05, 2020"
794,8508,4.90Ξ,"($1,730)","Oct 05, 2020"
795,8508,2.98Ξ,"($1,052)","Sep 26, 2020"
796,8508,2.75Ξ,($948),"Sep 25, 2020"
797,8508,2.29Ξ,($792),"Sep 24, 2020"
798,8508,2.19Ξ,($757),"Sep 24, 2020"
799,8508,2.10Ξ,($725),"Sep 24, 2020"
800,8508,2Ξ,($678),"Sep 23, 2020"
801,8508,1.60Ξ,($610),"Sep 17, 2020"
802,8508,1.85Ξ,($671),"Sep 16, 2020"
803,8508,1.20Ξ,($437),"Sep 11, 2020"
804,8509,0.85Ξ,($192),"Feb 08, 2020"
805,8509,0.22Ξ,($60),"Aug 26, 2018"
806,8510,31.99Ξ,"($61,139)","Jul 15, 2021"
807,8510,8.50Ξ,"($14,620)","Feb 08, 2021"
808,8511,34.99Ξ,"($50,571)","Feb 28, 2021"
809,8511,18.50Ξ,"($32,794)","Feb 10, 2021"
810,8511,2.75Ξ,($520),"Apr 23, 2020"
811,8511,1.40Ξ,($246),"Apr 07, 2019"
812,8512,4.49Ξ,"($2,886)","Dec 26, 2020"
813,8512,5.70Ξ,"($2,012)","Sep 29, 2020"
814,8512,5.25Ξ,"($1,906)","Sep 28, 2020"
815,8512,4.99Ξ,"($1,812)","Sep 28, 2020"
816,8512,3.99Ξ,"($1,427)","Sep 28, 2020"
817,8512,3.80Ξ,"($1,355)","Sep 28, 2020"
818,8512,2.99Ξ,"($1,137)","Sep 20, 2020"
819,8512,2.50Ξ,($946),"Sep 19, 2020"
820,8512,1.90Ξ,($716),"Sep 14, 2020"
821,8512,1.20Ξ,($276),"Jun 26, 2020"
822,8513,18.25Ξ,"($35,056)","Apr 01, 2021"
823,8513,0.52Ξ,($103),"Apr 27, 2020"
824,8513,0.50Ξ,($72),"Jan 07, 2020"
825,8513,0.25Ξ,($45),"Sep 02, 2019"
826,8514,14Ξ,"($28,993)","Apr 05, 2021"
827,8515,79Ξ,"($206,930)","Apr 27, 2021"
828,8515,59Ξ,"($100,269)","Mar 23, 2021"
829,8515,53Ξ,"($100,999)","Mar 14, 2021"
830,8515,0.39Ξ,($104),"Jul 06, 2017"
831,8516,30Ξ,"($54,079)","Feb 22, 2021"
832,8516,0.41Ξ,($84),"Jul 10, 2017"
833,8517,0.25Ξ,($72),"Jun 27, 2017"
834,8518,22Ξ,"($37,692)","Feb 22, 2021"
835,8518,4.60Ξ,"($5,017)","Jan 11, 2021"
836,8519,21.99Ξ,"($41,474)","Mar 15, 2021"
837,8519,19.99Ξ,"($29,476)","Mar 05, 2021"
838,8519,5.98Ξ,"($2,174)","Sep 28, 2020"
839,8519,4.90Ξ,"($1,753)","Sep 28, 2020"
840,8520,14Ξ,"($22,926)","Feb 05, 2021"
841,8521,0.50Ξ,($143),"Jun 27, 2017"
842,8523,0.55Ξ,($96),"Sep 27, 2019"
843,8523,0.10Ξ,($32),"Jun 28, 2017"
844,8524,26.50Ξ,"($88,600)","May 18, 2021"
845,8524,28Ξ,"($59,660)","Apr 20, 2021"
846,8524,0.35Ξ,($84),"Jul 07, 2017"
847,8526,16.50Ξ,"($39,398)","Jun 17, 2021"
848,8526,16.20Ξ,"($44,357)","May 21, 2021"
849,8526,15Ξ,"($39,432)","May 20, 2021"
850,8526,24.99Ξ,"($51,795)","Apr 09, 2021"
851,8526,20Ξ,"($39,458)","Feb 21, 2021"
852,8526,0.25Ξ,($87),"Aug 28, 2017"
853,8526,0.49Ξ,($93),"Jul 11, 2017"
854,8526,0.10Ξ,($32),"Jun 28, 2017"
855,8527,0.10Ξ,($32),"Jun 28, 2017"
856,8528,2.25Ξ,($833),"Sep 12, 2020"
857,8528,0.95Ξ,($214),"Jun 27, 2020"
858,8530,31Ξ,"($59,085)","Jul 15, 2021"
859,8530,29Ξ,"($55,341)","Jul 14, 2021"
860,8530,24Ξ,"($41,283)","Feb 15, 2021"
861,8533,0.49Ξ,($371),"Jan 01, 2018"
862,8534,17Ξ,"($32,363)","Feb 19, 2021"
863,8534,15Ξ,"($27,066)","Feb 14, 2021"
864,8536,0.73Ξ,($147),"May 17, 2020"
865,8536,0.50Ξ,($72),"Jan 07, 2020"
866,8536,0.25Ξ,($45),"Oct 13, 2019"
867,8540,18.80Ξ,"($38,927)","Apr 08, 2021"
868,8540,20Ξ,"($38,499)","Feb 21, 2021"
869,8540,5.56Ξ,"($1,980)","Sep 29, 2020"
870,8540,2.85Ξ,"($1,004)","Sep 26, 2020"
871,8540,2.49Ξ,($862),"Sep 24, 2020"
872,8540,2.22Ξ,($726),"Sep 24, 2020"
873,8540,0.89Ξ,($296),"Sep 07, 2020"
874,8542,20.24Ξ,"($65,811)","May 04, 2021"
875,8542,18.69Ξ,"($61,463)","May 04, 2021"
876,8542,0.79Ξ,($183),"Jun 26, 2020"
877,8543,1Ξ,($400),"Aug 04, 2020"
878,8544,4Ξ,"($4,943)","Jan 18, 2021"
879,8544,4.65Ξ,"($5,676)","Jan 08, 2021"
880,8546,49.99Ξ,"($89,241)","Mar 15, 2021"
881,8547,11Ξ,"($19,138)","Feb 17, 2021"
882,8548,20.50Ξ,"($80,983)","May 10, 2021"
883,8548,22.22Ξ,"($62,937)","May 01, 2021"
884,8549,0.50Ξ,($134),"Jul 13, 2019"
885,8550,27.50Ξ,"($52,549)","Feb 19, 2021"
886,8552,44Ξ,"($84,388)","Apr 01, 2021"
887,8556,0.72Ξ,($115),"Feb 23, 2019"
888,8556,0.25Ξ,($22),"Dec 13, 2018"
889,8559,14.10Ξ,"($34,858)","Jun 11, 2021"
890,8560,17.75Ξ,"($41,286)","Jul 04, 2021"
891,8560,14.25Ξ,"($36,446)","Jun 01, 2021"
892,8562,105Ξ,"($248,253)","May 30, 2021"
893,8562,101Ξ,"($238,795)","May 30, 2021"
894,8562,101Ξ,"($194,198)","May 23, 2021"
895,8562,37Ξ,"($45,577)","Jan 24, 2021"
896,8562,30Ξ,"($38,116)","Jan 16, 2021"
897,8562,2.49Ξ,($414),"Apr 06, 2019"
898,8562,1.39Ξ,($174),"Jan 19, 2019"
899,8562,0.55Ξ,($124),"Oct 06, 2018"
900,8562,0.18Ξ,($53),"Sep 29, 2017"
901,8564,32Ξ,"($69,171)","Jul 09, 2021"
902,8564,28Ξ,"($92,747)","May 03, 2021"
903,8564,25Ξ,"($52,509)","Apr 05, 2021"
904,8565,25.75Ξ,"($83,727)","May 04, 2021"
905,8565,25.25Ξ,"($79,660)","May 03, 2021"
906,8567,19.99Ξ,"($41,257)","Apr 08, 2021"
907,8569,40Ξ,"($72,059)","Mar 11, 2021"
908,8569,34.99Ξ,"($51,328)","Mar 05, 2021"
909,8571,24.99Ξ,"($62,522)","Apr 26, 2021"
910,8571,29.99Ξ,"($56,233)","Feb 22, 2021"
911,8571,0.57Ξ,($129),"Feb 08, 2020"
912,8571,0.55Ξ,($73),"Jan 04, 2020"
913,8573,14.50Ξ,"($56,336)","May 14, 2021"
914,8573,11.97Ξ,"($45,970)","May 13, 2021"
915,8573,21Ξ,"($57,483)","Apr 28, 2021"
916,8573,22Ξ,"($37,579)","Feb 22, 2021"
917,8574,35.10Ξ,"($77,384)","May 22, 2021"
918,8574,39.50Ξ,"($71,000)","Mar 18, 2021"
919,8575,15.75Ξ,"($27,324)","Feb 16, 2021"
920,8575,9.50Ξ,"($17,264)","Feb 14, 2021"
921,8576,98.99Ξ,"($179,568)","Mar 20, 2021"
922,8576,7Ξ,"($1,408)","May 16, 2020"
923,8577,42.50Ξ,"($77,154)","Jun 25, 2021"
924,8577,47.50Ξ,"($168,080)","May 06, 2021"
925,8577,50Ξ,"($107,644)","Apr 18, 2021"
926,8577,59.99Ξ,"($124,877)","Apr 09, 2021"
927,8577,37Ξ,"($77,645)","Apr 05, 2021"
928,8582,35.50Ξ,"($76,214)","Apr 11, 2021"
929,8583,16.99Ξ,"($32,466)","Feb 19, 2021"
930,8583,14.88Ξ,"($27,463)","Feb 17, 2021"
931,8583,6Ξ,"($2,113)","Oct 04, 2020"
932,8583,4.80Ξ,"($1,689)","Oct 04, 2020"
933,8583,0.10Ξ,($60),"Jun 08, 2018"
934,8584,1Ξ,($163),"Jan 16, 2020"
935,8584,0.50Ξ,($85),"May 09, 2019"
936,8586,16.25Ξ,"($31,039)","Mar 31, 2021"
937,8586,17.50Ξ,"($32,171)","Mar 30, 2021"
938,8586,19Ξ,"($32,076)","Mar 28, 2021"
939,8586,20.25Ξ,"($34,164)","Mar 27, 2021"
940,8586,19.70Ξ,"($32,743)","Mar 26, 2021"
941,8586,5.90Ξ,"($2,112)","Sep 29, 2020"
942,8586,1.99Ξ,($735),"Sep 20, 2020"
943,8586,1.78Ξ,($678),"Sep 20, 2020"
944,8586,1.75Ξ,($659),"Sep 14, 2020"
945,8586,1Ξ,($210),"May 24, 2020"
946,8586,0.10Ξ,($27),"Aug 22, 2018"
947,8587,0.23Ξ,($73),"Aug 23, 2017"
948,8587,0.08Ξ,($16),"Jul 14, 2017"
949,8591,9.25Ξ,"($16,154)","Feb 17, 2021"
950,8591,5.50Ξ,"($1,963)","Sep 30, 2020"
951,8591,5.85Ξ,"($2,093)","Sep 29, 2020"
952,8591,1.20Ξ,($465),"Sep 13, 2020"
953,8593,79.99Ξ,"($152,433)","Mar 14, 2021"
954,8593,30Ξ,"($57,612)","Feb 19, 2021"
955,8593,18.50Ξ,"($32,181)","Feb 10, 2021"
956,8595,0.65Ξ,($134),"Jul 13, 2017"
957,8598,0.10Ξ,($37),"Nov 20, 2017"
958,8600,23.48Ξ,"($41,716)","Mar 21, 2021"
959,8600,22Ξ,"($37,230)","Feb 24, 2021"
960,8601,28.99Ξ,"($45,110)","Mar 01, 2021"
961,8601,24Ξ,"($40,614)","Feb 24, 2021"
962,8602,19Ξ,"($39,610)","Apr 09, 2021"
963,8602,18.99Ξ,"($39,253)","Apr 08, 2021"
964,8602,21.50Ξ,"($36,384)","Feb 24, 2021"
965,8603,30Ξ,"($63,670)","Apr 11, 2021"
966,8603,30Ξ,"($49,039)","Feb 24, 2021"
967,8604,18.40Ξ,"($39,268)","Jul 09, 2021"
968,8604,21Ξ,"($69,630)","May 03, 2021"
969,8604,21.99Ξ,"($71,687)","May 03, 2021"
970,8604,24.94Ξ,"($79,045)","May 03, 2021"
971,8604,21.98Ξ,"($39,535)","Mar 15, 2021"
972,8604,19Ξ,"($32,153)","Feb 24, 2021"
973,8605,27.50Ξ,"($45,997)","Feb 24, 2021"
974,8606,35.50Ξ,"($59,399)","Mar 24, 2021"
975,8606,42Ξ,"($68,688)","Feb 24, 2021"
976,8607,22.50Ξ,"($33,390)","Mar 02, 2021"
977,8608,8Ξ,"($13,432)","Feb 04, 2021"
978,8611,17.75Ξ,"($31,743)","Mar 30, 2021"
979,8611,17Ξ,"($28,861)","Mar 28, 2021"
980,8611,22.25Ξ,"($34,042)","Mar 04, 2021"
981,8611,18.50Ξ,"($31,307)","Feb 24, 2021"
982,8612,36.99Ξ,"($83,534)","Jul 01, 2021"
983,8612,25Ξ,"($40,886)","Feb 24, 2021"
984,8613,25Ξ,"($51,943)","Apr 08, 2021"
985,8613,25Ξ,"($40,866)","Feb 24, 2021"
986,8616,0.70Ξ,($118),"Jan 22, 2020"
987,8617,145Ξ,"($261,821)","Mar 21, 2021"
988,8617,109.99Ξ,"($199,399)","Mar 12, 2021"
989,8617,80Ξ,"($130,834)","Feb 24, 2021"
990,8620,165Ξ,"($307,953)","Mar 14, 2021"
991,8620,110Ξ,"($166,458)","Feb 27, 2021"
992,8620,80Ξ,"($133,809)","Feb 24, 2021"
993,8621,22.49Ξ,"($53,819)","Apr 16, 2021"
994,8622,19.99Ξ,"($41,770)","Apr 06, 2021"
995,8622,28.50Ξ,"($43,893)","Mar 01, 2021"
996,8623,24.49Ξ,"($52,513)","Apr 10, 2021"
997,8630,0.25Ξ,($118),"Nov 26, 2017"
998,8630,0.19Ξ,($56),"Jun 29, 2017"
999,8631,0.05Ξ,($13),"Jul 01, 2017"
1000,8634,22.99Ξ,"($57,497)","May 28, 2021"
1001,8634,29Ξ,"($95,747)","May 05, 2021"
1002,8634,25.50Ξ,"($55,208)","Apr 13, 2021"
1003,8634,18.99Ξ,"($32,429)","Mar 27, 2021"
1004,8634,16Ξ,"($26,974)","Mar 27, 2021"
1005,8635,30Ξ,"($53,281)","Feb 22, 2021"
1006,8635,6.95Ξ,"($7,756)","Jan 12, 2021"
1007,8635,6.25Ξ,"($6,844)","Jan 05, 2021"
1008,8635,6.50Ξ,"($2,299)","Oct 05, 2020"
1009,8635,0.25Ξ,($150),"Jun 08, 2018"
1010,8635,0.39Ξ,($74),"Jul 11, 2017"
1011,8636,29Ξ,"($64,321)","Apr 20, 2021"
1012,8637,16.80Ξ,"($30,504)","Jun 26, 2021"
1013,8639,39Ξ,"($94,348)","May 30, 2021"
1014,8639,17.86Ξ,"($24,177)","Jan 24, 2021"
1015,8639,12.50Ξ,"($12,671)","Jan 04, 2021"
1016,8640,0.05Ξ,($27),"Jun 11, 2018"
1017,8641,22Ξ,"($53,817)","Apr 16, 2021"
1018,8641,21Ξ,"($49,271)","Apr 14, 2021"
1019,8641,20Ξ,"($43,007)","Apr 11, 2021"
1020,8641,22Ξ,"($40,846)","Feb 22, 2021"
1021,8641,4.80Ξ,"($6,148)","Jan 10, 2021"
1022,8642,27.75Ξ,"($53,541)","Jul 16, 2021"
1023,8643,20Ξ,"($82,587)","May 14, 2021"
1024,8644,15.70Ξ,"($30,975)","Feb 21, 2021"
1025,8644,9.50Ξ,"($17,240)","Feb 17, 2021"
1026,8646,0.32Ξ,($86),"Jul 04, 2017"
1027,8647,21.97Ξ,"($53,586)","Apr 21, 2021"
1028,8648,22.75Ξ,"($62,985)","Apr 30, 2021"
1029,8649,0.57Ξ,($122),"May 02, 2020"
1030,8651,40Ξ,"($73,438)","Mar 10, 2021"
1031,8653,21Ξ,"($74,513)","May 08, 2021"
1032,8653,6.56Ξ,"($12,009)","Feb 13, 2021"
1033,8655,4.90Ξ,"($4,998)","Jan 13, 2021"
1034,8655,3.25Ξ,"($2,035)","Dec 22, 2020"
1035,8655,2.96Ξ,"($1,007)","Sep 25, 2020"
1036,8656,13.81Ξ,"($26,869)","Feb 19, 2021"
1037,8656,2.99Ξ,"($1,034)","Sep 24, 2020"
1038,8656,1.10Ξ,($255),"Jun 25, 2020"
1039,8658,37Ξ,"($56,875)","Mar 01, 2021"
1040,8658,24.99Ξ,"($45,092)","Feb 14, 2021"
1041,8659,18.88Ξ,"($36,145)","Feb 19, 2021"
1042,8659,6.12Ξ,"($2,074)","Oct 07, 2020"
1043,8659,0.10Ξ,($62),"Apr 20, 2018"
1044,8659,0.10Ξ,($54),"Mar 18, 2018"
1045,8662,19.80Ξ,"($39,570)","Jul 14, 2021"
1046,8662,3.50Ξ,"($1,206)","Sep 25, 2020"
1047,8662,3.25Ξ,"($1,236)","Sep 20, 2020"
1048,8665,25Ξ,"($41,530)","Mar 07, 2021"
1049,8665,23Ξ,"($44,086)","Feb 22, 2021"
1050,8666,14.78Ξ,"($28,854)","Feb 21, 2021"
1051,8666,2.96Ξ,"($1,052)","Sep 26, 2020"
1052,8666,0.85Ξ,($332),"Aug 23, 2020"
1053,8666,0.79Ξ,($183),"Jun 26, 2020"
1054,8667,23Ξ,"($72,976)","May 03, 2021"
1055,8667,2.50Ξ,($878),"Sep 24, 2020"
1056,8667,2.19Ξ,($706),"Sep 23, 2020"
1057,8667,1.99Ξ,($674),"Sep 23, 2020"
1058,8667,0.25Ξ,($38),"Nov 23, 2019"
1059,8671,5.09Ξ,"($1,792)","Oct 05, 2020"
1060,8671,5Ξ,"($1,742)","Oct 04, 2020"
1061,8672,49Ξ,"($78,877)","Mar 03, 2021"
1062,8672,21Ξ,"($37,120)","Feb 11, 2021"
1063,8672,20Ξ,"($28,661)","Feb 02, 2021"
1064,8673,0.23Ξ,($197),"Mar 02, 2018"
1065,8673,0.13Ξ,($38),"Jun 29, 2017"
1066,8674,0.26Ξ,($83),"Aug 23, 2017"
1067,8676,5.95Ξ,"($2,210)","Oct 21, 2020"
1068,8676,1.98Ξ,($727),"Sep 11, 2020"
1069,8676,1.48Ξ,($312),"May 23, 2020"
1070,8676,0.40Ξ,($84),"Aug 09, 2019"
1071,8677,0.45Ξ,($68),"Jan 09, 2019"
1072,8680,36.99Ξ,"($71,402)","Mar 14, 2021"
1073,8681,1Ξ,($246),"Jun 10, 2020"
1074,8681,1Ξ,($203),"May 22, 2020"
1075,8682,27Ξ,"($91,133)","May 04, 2021"
1076,8682,25.52Ξ,"($59,434)","Apr 14, 2021"
1077,8682,23.99Ξ,"($49,752)","Apr 09, 2021"
1078,8682,23Ξ,"($41,771)","Mar 12, 2021"
1079,8682,7.77Ξ,"($14,120)","Feb 13, 2021"
1080,8682,2.50Ξ,($858),"Sep 23, 2020"
1081,8682,2.19Ξ,($808),"Sep 20, 2020"
1082,8684,18Ξ,"($36,296)","Jun 28, 2021"
1083,8686,101Ξ,"($208,284)","Jul 02, 2021"
1084,8686,88Ξ,"($356,609)","May 11, 2021"
1085,8686,24.99Ξ,"($44,882)","Feb 13, 2021"
1086,8687,16Ξ,"($31,146)","Feb 21, 2021"
1087,8687,13Ξ,"($24,079)","Feb 17, 2021"
1088,8687,10Ξ,"($17,398)","Feb 17, 2021"
1089,8687,0.19Ξ,($53),"Aug 15, 2018"
1090,8689,22Ξ,"($37,611)","Mar 28, 2021"
1091,8690,0.30Ξ,($83),"Jul 03, 2017"
1092,8692,0.45Ξ,($92),"Jul 25, 2017"
1093,8692,0.25Ξ,($71),"Jul 02, 2017"
1094,8693,0.99Ξ,($204),"Aug 10, 2019"
1095,8694,24Ξ,"($42,744)","Mar 22, 2021"
1096,8694,5.99Ξ,"($2,185)","Sep 28, 2020"
1097,8695,0.25Ξ,($69),"Jul 03, 2017"
1098,8696,64Ξ,"($125,346)","Feb 19, 2021"
1099,8696,60Ξ,"($115,505)","Feb 19, 2021"
1100,8696,16Ξ,"($28,053)","Feb 09, 2021"
1101,8696,15Ξ,"($20,291)","Jan 26, 2021"
1102,8696,6.66Ξ,"($8,000)","Jan 18, 2021"
1103,8696,12.49Ξ,"($7,831)","Dec 25, 2020"
1104,8696,10Ξ,"($3,520)","Oct 01, 2020"
1105,8696,15Ξ,"($5,190)","Sep 24, 2020"
1106,8696,6Ξ,"($1,408)","Jun 02, 2020"
1107,8697,44Ξ,"($91,347)","Apr 09, 2021"
1108,8697,20Ξ,"($6,901)","Sep 21, 2020"
1109,8697,5.50Ξ,"($1,945)","Sep 06, 2020"
1110,8697,3.50Ξ,($699),"May 16, 2020"
1111,8698,0.05Ξ,($29),"May 31, 2018"
1112,8702,0.10Ξ,($47),"Dec 04, 2017"
1113,8703,9.88Ξ,"($18,120)","Feb 17, 2021"
1114,8703,3.15Ξ,"($1,114)","Sep 27, 2020"
1115,8703,1.80Ξ,($613),"Sep 22, 2020"
1116,8705,9.25Ξ,"($16,885)","Feb 14, 2021"
1117,8705,0.10Ξ,($60),"Jun 08, 2018"
1118,8706,14.95Ξ,"($34,484)","May 22, 2021"
1119,8706,21.50Ξ,"($47,285)","Apr 18, 2021"
1120,8706,5.94Ξ,"($2,160)","Sep 28, 2020"
1121,8706,3.39Ξ,"($1,217)","Sep 28, 2020"
1122,8706,3Ξ,"($1,065)","Sep 27, 2020"
1123,8706,2.30Ξ,($796),"Sep 24, 2020"
1124,8707,20.45Ξ,"($42,910)","Jul 10, 2021"
1125,8707,23.50Ξ,"($39,445)","Mar 27, 2021"
1126,8708,0.40Ξ,($95),"Jul 09, 2017"
1127,8710,15.50Ξ,"($29,758)","Feb 19, 2021"
1128,8713,1.15Ξ,($249),"Aug 11, 2019"
1129,8713,1Ξ,($266),"Jul 06, 2017"
1130,8715,0.99Ξ,($200),"May 22, 2020"
1131,8715,0.44Ξ,($58),"Jan 01, 2020"
1132,8715,0.39Ξ,($53),"Dec 30, 2019"
1133,8715,0.30Ξ,($66),"Jul 19, 2019"
1134,8716,6Ξ,"($1,440)","Jul 11, 2020"
1135,8717,31Ξ,"($56,912)","Mar 09, 2021"
1136,8718,1.40Ξ,($481),"Sep 08, 2020"
1137,8718,1.39Ξ,($287),"May 24, 2020"
1138,8719,10Ξ,"($3,651)","Sep 28, 2020"
1139,8719,0.70Ξ,($172),"Jun 05, 2019"
1140,8720,64Ξ,"($127,581)","Jul 13, 2021"
1141,8720,59.99Ξ,"($149,281)","Apr 15, 2021"
1142,8721,27.99Ξ,"($50,113)","Mar 17, 2021"
1143,8723,65Ξ,"($141,006)","Apr 10, 2021"
1144,8724,10Ξ,"($13,224)","Feb 01, 2021"
1145,8725,38Ξ,"($135,577)","May 08, 2021"
1146,8727,22.89Ξ,"($72,648)","May 03, 2021"
1147,8727,13.50Ξ,"($28,044)","Apr 04, 2021"
1148,8727,12.88Ξ,"($24,439)","Feb 18, 2021"
1149,8727,11.88Ξ,"($21,861)","Feb 17, 2021"
1150,8727,3.05Ξ,"($1,078)","Sep 27, 2020"
1151,8727,1.98Ξ,($671),"Sep 23, 2020"
1152,8727,1.88Ξ,($690),"Sep 15, 2020"
1153,8727,0.25Ξ,($38),"Nov 23, 2019"
1154,8729,0.50Ξ,($103),"Oct 20, 2018"
1155,8730,1.94Ξ,($748),"Sep 20, 2020"
1156,8730,1.80Ξ,($688),"Sep 18, 2020"
1157,8730,0.79Ξ,($178),"Jun 29, 2020"
1158,8735,6Ξ,"($7,911)","Jan 24, 2021"
1159,8735,0.10Ξ,($72),"Dec 28, 2017"
1160,8736,25Ξ,"($51,972)","Apr 09, 2021"
1161,8736,16.50Ξ,"($34,656)","Apr 05, 2021"
1162,8738,1.20Ξ,($246),"Jul 13, 2017"
1163,8739,1.20Ξ,($461),"Sep 19, 2020"
1164,8739,0.58Ξ,($116),"May 15, 2020"
1165,8740,15.75Ξ,"($37,049)","May 22, 2021"
1166,8740,15Ξ,"($50,686)","May 17, 2021"
1167,8740,13.60Ξ,"($50,609)","May 13, 2021"
1168,8740,19Ξ,"($62,444)","May 04, 2021"
1169,8740,6.95Ξ,"($12,524)","Feb 13, 2021"
1170,8740,2.96Ξ,"($1,052)","Sep 26, 2020"
1171,8740,0.83Ξ,($324),"Aug 23, 2020"
1172,8740,0.79Ξ,($178),"Jun 27, 2020"
1173,8741,0.05Ξ,($26),"May 28, 2018"
1174,8743,20Ξ,"($51,825)","May 24, 2021"
1175,8743,6.99Ξ,"($8,201)","Jan 08, 2021"
1176,8743,6.50Ξ,"($8,035)","Jan 07, 2021"
1177,8744,29.99Ξ,"($64,697)","Apr 20, 2021"
1178,8744,27.50Ξ,"($50,143)","Mar 20, 2021"
1179,8745,12.87Ξ,"($23,151)","Feb 11, 2021"
1180,8746,17Ξ,($<0.01),"Apr 02, 2021"
1181,8747,24.90Ξ,"($43,395)","Mar 13, 2021"
1182,8747,22.70Ξ,"($40,613)","Mar 11, 2021"
1183,8747,12Ξ,"($21,799)","Feb 15, 2021"
1184,8747,5.80Ξ,"($7,371)","Jan 07, 2021"
1185,8749,25.99Ξ,"($61,583)","Apr 22, 2021"
1186,8750,3.50Ξ,($505),"Mar 29, 2019"
1187,8751,14.75Ξ,"($29,100)","Feb 21, 2021"
1188,8751,6.50Ξ,"($11,713)","Feb 13, 2021"
1189,8751,4.20Ξ,"($5,259)","Jan 22, 2021"
1190,8751,5Ξ,"($5,580)","Jan 06, 2021"
1191,8751,4.69Ξ,"($4,865)","Jan 04, 2021"
1192,8752,18.99Ξ,"($7,049)","Sep 12, 2020"
1193,8752,1.50Ξ,($249),"Apr 06, 2019"
1194,8754,0.64Ξ,($129),"May 14, 2020"
1195,8755,13.75Ξ,"($26,732)","Jun 23, 2021"
1196,8756,22Ξ,"($41,255)","Jun 22, 2021"
1197,8757,39.25Ξ,"($93,291)","Jul 07, 2021"
1198,8758,15.25Ξ,"($39,726)","May 28, 2021"
1199,8759,0.62Ξ,($118),"Jul 11, 2017"
1200,8761,25Ξ,"($58,062)","Jun 17, 2021"
1201,8761,19.90Ξ,"($49,008)","Jun 08, 2021"
1202,8762,15.94Ξ,"($27,698)","Jun 26, 2021"
1203,8762,13.75Ξ,"($27,565)","Jun 23, 2021"
1204,8763,14Ξ,"($26,631)","Jun 22, 2021"
1205,8764,32.50Ξ,"($52,316)","Mar 03, 2021"
1206,8766,0.05Ξ,($64),"Jan 09, 2018"
1207,8767,8.50Ξ,"($8,776)","Jan 05, 2021"
1208,8770,69.96Ξ,"($107,116)","Mar 05, 2021"
1209,8770,14Ξ,"($4,919)","Oct 05, 2020"
1210,8770,12.75Ξ,"($4,493)","Sep 29, 2020"
1211,8770,2Ξ,($379),"May 10, 2020"
1212,8770,1Ξ,($191),"Apr 25, 2020"
1213,8771,0.20Ξ,($174),"Mar 01, 2018"
1214,8774,24Ξ,"($76,066)","May 03, 2021"
1215,8774,23.97Ξ,"($75,971)","May 03, 2021"
1216,8775,0.20Ξ,($174),"Mar 01, 2018"
1217,8777,6.25Ξ,"($10,714)","Feb 08, 2021"
1218,8780,1.51Ξ,($530),"Sep 02, 2017"
1219,8781,27Ξ,"($55,956)","Apr 09, 2021"
1220,8781,23Ξ,"($38,804)","Mar 27, 2021"
1221,8781,35Ξ,"($65,291)","Mar 14, 2021"
1222,8781,30Ξ,"($54,079)","Feb 22, 2021"
1223,8781,0.32Ξ,($65),"Jul 26, 2017"
1224,8781,<0.01Ξ,($<0.01),"Jul 22, 2017"
1225,8781,0.19Ξ,($56),"Jun 29, 2017"
1226,8781,0.12Ξ,($38),"Jun 23, 2017"
1227,8783,10.49Ξ,"($19,244)","Feb 15, 2021"
1228,8783,4.40Ξ,"($5,450)","Jan 23, 2021"
1229,8783,2Ξ,"($2,660)","Jan 21, 2021"
1230,8783,0.50Ξ,($73),"Dec 10, 2019"
1231,8783,0.25Ξ,($45),"Sep 02, 2019"
1232,8785,1.30Ξ,($267),"Jul 13, 2017"
1233,8786,43.50Ξ,"($77,681)","Jun 26, 2021"
1234,8786,35Ξ,"($89,392)","May 31, 2021"
1235,8787,47Ξ,"($85,896)","Mar 20, 2021"
1236,8788,4.15Ξ,"($2,531)","Dec 25, 2020"
1237,8789,26.50Ξ,"($104,763)","May 15, 2021"
1238,8789,5.98Ξ,"($2,134)","Sep 30, 2020"
1239,8789,4.20Ξ,"($1,502)","Sep 28, 2020"
1240,8789,<0.01Ξ,($<0.01),"Sep 20, 2020"
1241,8789,1.35Ξ,($492),"Sep 11, 2020"
1242,8789,1.20Ξ,($243),"May 14, 2020"
1243,8790,34Ξ,"($64,078)","Jul 17, 2021"
1244,8796,24.40Ξ,"($46,150)","Feb 18, 2021"
1245,8796,12.50Ξ,"($23,118)","Feb 14, 2021"
1246,8797,24Ξ,"($45,668)","Mar 14, 2021"
1247,8798,21Ξ,"($37,839)","Mar 18, 2021"
1248,8800,0.50Ξ,($86),"May 08, 2019"
1249,8800,0.39Ξ,($96),"Jul 08, 2017"
1250,8801,50Ξ,"($104,281)","Apr 06, 2021"
1251,8802,0.49Ξ,($106),"Jul 21, 2017"
1252,8803,33Ξ,"($69,026)","Jun 28, 2021"
1253,8803,12Ξ,"($22,100)","Feb 12, 2021"
1254,8803,8.88Ξ,"($12,720)","Feb 02, 2021"
1255,8803,6.50Ξ,"($8,035)","Jan 07, 2021"
1256,8803,2Ξ,($457),"Jun 22, 2020"
1257,8803,1.15Ξ,($146),"Jan 03, 2020"
1258,8803,0.10Ξ,($38),"Nov 22, 2017"
1259,8805,138Ξ,"($331,795)","Jun 16, 2021"
1260,8806,0.25Ξ,($47),"Aug 27, 2019"
1261,8807,23Ξ,"($41,156)","Mar 18, 2021"
1262,8807,23Ξ,"($35,265)","Feb 25, 2021"
1263,8807,1.80Ξ,($363),"May 22, 2020"
1264,8807,0.35Ξ,($101),"Jul 05, 2019"
1265,8810,0.90Ξ,($176),"Apr 28, 2020"
1266,8811,61Ξ,"($125,896)","Apr 08, 2021"
1267,8813,16.25Ξ,"($32,357)","Feb 20, 2021"
1268,8813,12.50Ξ,"($24,586)","Feb 19, 2021"
1269,8814,17.50Ξ,"($72,482)","May 12, 2021"
1270,8815,<0.01Ξ,($0),"Jul 10, 2017"
1271,8817,4.88Ξ,"($3,136)","Dec 26, 2020"
1272,8817,3.25Ξ,"($1,144)","Sep 27, 2020"
1273,8817,0.88Ξ,($297),"Sep 07, 2020"
1274,8817,0.97Ξ,($196),"May 22, 2020"
1275,8818,20Ξ,"($41,891)","Jul 02, 2021"
1276,8819,24.98Ξ,"($51,845)","Apr 09, 2021"
1277,8819,18.77Ξ,"($31,324)","Mar 28, 2021"
1278,8819,16.73Ξ,"($28,244)","Mar 28, 2021"
1279,8819,3.99Ξ,($673),"Apr 08, 2020"
1280,8819,0.95Ξ,($148),"Jan 14, 2020"
1281,8819,0.40Ξ,($84),"Aug 09, 2019"
1282,8820,1.18Ξ,($287),"Jun 09, 2020"
1283,8820,0.30Ξ,($68),"Jul 20, 2017"
1284,8821,23.95Ξ,"($46,365)","Feb 21, 2021"
1285,8824,5.89Ξ,"($7,548)","Jan 26, 2021"
1286,8824,1.09Ξ,($260),"Jul 07, 2020"
1287,8825,0.45Ξ,($39),"Dec 13, 2018"
1288,8826,12.45Ξ,"($45,879)","May 13, 2021"
1289,8828,50Ξ,"($106,467)","Jul 09, 2021"
1290,8828,55Ξ,"($190,408)","May 05, 2021"
1291,8828,51.99Ξ,"($111,404)","Apr 12, 2021"
1292,8828,46.99Ξ,"($83,545)","Mar 12, 2021"
1293,8828,35.99Ξ,"($71,652)","Feb 20, 2021"
1294,8828,15Ξ,"($27,684)","Feb 14, 2021"
1295,8829,23.25Ξ,"($42,547)","Mar 18, 2021"
1296,8829,6.25Ξ,"($2,194)","Sep 27, 2020"
1297,8829,0.55Ξ,($74),"Jan 04, 2020"
1298,8830,2.49Ξ,($869),"Sep 25, 2020"
1299,8830,1.60Ξ,($602),"Sep 14, 2020"
1300,8831,1.50Ξ,($361),"Jul 12, 2020"
1301,8832,4.98Ξ,"($1,817)","Sep 28, 2020"
1302,8832,0.18Ξ,($50),"Jul 03, 2017"
1303,8833,28Ξ,"($41,822)","Feb 27, 2021"
1304,8834,21.49Ξ,"($39,568)","Mar 10, 2021"
1305,8835,1Ξ,($161),"Jan 16, 2020"
1306,8835,0.45Ξ,($110),"May 22, 2019"
1307,8836,0.25Ξ,($262),"Jan 26, 2018"
1308,8837,5.50Ξ,"($1,920)","Oct 06, 2020"
1309,8837,2.15Ξ,($473),"May 29, 2020"
1310,8839,0.05Ξ,($28),"May 30, 2018"
1311,8840,0.75Ξ,($202),"Jul 04, 2017"
1312,8843,1Ξ,($205),"May 24, 2020"
1313,8843,0.25Ξ,($70),"Aug 15, 2018"
1314,8844,75Ξ,"($149,457)","Apr 07, 2021"
1315,8845,7Ξ,"($8,133)","Jan 16, 2021"
1316,8845,5.00Ξ,"($2,286)","Nov 15, 2020"
1317,8845,7.10Ξ,"($2,673)","Oct 15, 2020"
1318,8847,65Ξ,"($130,103)","Feb 20, 2021"
1319,8847,70Ξ,"($131,874)","Feb 18, 2021"
1320,8847,32Ξ,"($47,523)","Feb 02, 2021"
1321,8849,31.75Ξ,"($54,102)","Mar 28, 2021"
1322,8849,18Ξ,"($29,449)","Feb 07, 2021"
1323,8850,0.10Ξ,($51),"May 28, 2018"
1324,8851,2.50Ξ,($351),"Mar 27, 2019"
1325,8851,0.50Ξ,($155),"Sep 27, 2017"
1326,8852,0.53Ξ,($102),"Apr 27, 2020"
1327,8853,0.45Ξ,($63),"Dec 24, 2018"
1328,8853,0.10Ξ,($38),"Apr 05, 2018"
1329,8854,0.37Ξ,($88),"Jul 09, 2017"
1330,8855,22.97Ξ,"($50,517)","Apr 18, 2021"
1331,8857,2.50Ξ,"($1,717)","May 02, 2018"
1332,8858,22.97Ξ,"($50,775)","Apr 23, 2021"
1333,8859,27Ξ,"($48,041)","Mar 15, 2021"
1334,8861,25.92Ξ,"($36,961)","Mar 01, 2021"
1335,8861,9.47Ξ,"($17,459)","Feb 14, 2021"
1336,8861,5Ξ,"($3,119)","Dec 22, 2020"
1337,8861,4.73Ξ,"($1,626)","Oct 02, 2020"
1338,8861,3.50Ξ,"($1,253)","Sep 28, 2020"
1339,8861,3.05Ξ,"($1,078)","Sep 27, 2020"
1340,8861,2Ξ,($678),"Sep 23, 2020"
1341,8861,1.95Ξ,($704),"Sep 16, 2020"
1342,8861,0.82Ξ,($159),"Apr 27, 2020"
1343,8865,155Ξ,"($262,333)","Mar 23, 2021"
1344,8866,0.05Ξ,($43),"Feb 24, 2018"
1345,8869,21.98Ξ,"($56,405)","Apr 27, 2021"
1346,8870,200Ξ,"($394,738)","Jul 13, 2021"
1347,8870,120Ξ,"($201,478)","Feb 04, 2021"
1348,8870,1.20Ξ,($147),"Dec 17, 2019"
1349,8871,17.20Ξ,"($31,113)","Mar 31, 2021"
1350,8871,5.75Ξ,"($7,604)","Feb 01, 2021"
1351,8871,2.40Ξ,($788),"Sep 24, 2020"
1352,8871,1.90Ξ,($649),"Sep 23, 2020"
1353,8871,1.81Ξ,($697),"Sep 19, 2020"
1354,8871,1.69Ξ,($641),"Sep 19, 2020"
1355,8871,<0.01Ξ,($<0.01),"Sep 17, 2020"
1356,8871,1.25Ξ,($455),"Sep 11, 2020"
1357,8871,1.14Ξ,($262),"Jun 20, 2020"
1358,8871,0.70Ξ,($160),"Jun 19, 2020"
1359,8872,22.50Ξ,"($43,716)","Feb 21, 2021"
1360,8872,16.97Ξ,"($30,863)","Feb 17, 2021"
1361,8873,0.05Ξ,($26),"May 28, 2018"
1362,8874,22.22Ξ,"($38,224)","Mar 22, 2021"
1363,8876,21.98Ξ,"($53,265)","Apr 17, 2021"
1364,8877,49Ξ,"($87,647)","Jun 26, 2021"
1365,8877,0.14Ξ,($100),"Dec 17, 2017"
1366,8878,0.30Ξ,($83),"Jul 03, 2017"
1367,8878,0.13Ξ,($43),"Jun 23, 2017"
1368,8879,5.13Ξ,"($1,849)","Sep 27, 2020"
1369,8881,69.99Ξ,"($150,397)","Jul 12, 2021"
1370,8885,16.49Ξ,"($32,350)","Feb 21, 2021"
1371,8885,9Ξ,"($16,244)","Feb 17, 2021"
1372,8885,0.42Ξ,($74),"May 06, 2019"
1373,8886,11Ξ,"($3,889)","Sep 06, 2020"
1374,8886,6Ξ,"($1,254)","May 05, 2020"
1375,8887,0.05Ξ,($56),"Jan 07, 2018"
1376,8888,33.10Ξ,"($48,356)","Feb 27, 2021"
1377,8889,82Ξ,"($202,523)","Apr 15, 2021"
1378,8889,3.50Ξ,($801),"Jun 20, 2020"
1379,8889,2.20Ξ,($457),"May 22, 2020"
1380,8889,0.25Ξ,($45),"Sep 03, 2019"
1381,8892,19.99Ξ,"($42,988)","Apr 11, 2021"
1382,8892,15.85Ξ,"($32,762)","Apr 08, 2021"
1383,8892,15Ξ,"($29,785)","Apr 07, 2021"
1384,8892,6.35Ξ,"($11,443)","Feb 13, 2021"
1385,8892,5.48Ξ,"($7,000)","Jan 27, 2021"
1386,8892,4.35Ξ,"($1,557)","Sep 28, 2020"
1387,8892,1.20Ξ,($465),"Sep 13, 2020"
1388,8893,27Ξ,"($62,469)","Jul 06, 2021"
1389,8894,0.39Ξ,($52),"Mar 14, 2019"
1390,8894,0.25Ξ,($40),"Feb 23, 2019"
1391,8894,0.12Ξ,($26),"Sep 26, 2018"
1392,8897,21.50Ξ,"($89,662)","May 10, 2021"
1393,8897,22.39Ξ,"($35,145)","Mar 04, 2021"
1394,8897,6Ξ,"($4,199)","Dec 28, 2020"
1395,8900,16Ξ,"($26,633)","Feb 04, 2021"
1396,8900,15Ξ,"($8,329)","Nov 23, 2020"
1397,8901,8.23Ξ,"($14,879)","Feb 15, 2021"
1398,8901,5.75Ξ,"($2,045)","Sep 30, 2020"
1399,8901,5.75Ξ,"($2,034)","Sep 29, 2020"
1400,8901,4.99Ξ,"($1,769)","Sep 29, 2020"
1401,8901,3.40Ξ,"($1,217)","Sep 28, 2020"
1402,8901,2.89Ξ,"($1,020)","Sep 27, 2020"
1403,8901,2.30Ξ,($796),"Sep 24, 2020"
1404,8902,22.98Ξ,"($66,851)","May 02, 2021"
1405,8902,20Ξ,"($31,810)","Mar 25, 2021"
1406,8902,0.10Ξ,($46),"Dec 03, 2017"
1407,8903,1.10Ξ,($354),"Jul 28, 2020"
1408,8903,0.99Ξ,($201),"May 15, 2020"
1409,8903,0.99Ξ,($175),"Jan 18, 2020"
1410,8903,0.49Ξ,($65),"Jan 04, 2020"
1411,8904,7.49Ξ,"($9,641)","Jan 26, 2021"
1412,8904,7.50Ξ,"($2,635)","Oct 05, 2020"
1413,8904,0.50Ξ,($82),"Apr 13, 2019"
1414,8905,21Ξ,"($41,470)","Jul 15, 2021"
1415,8905,22Ξ,"($39,316)","Mar 11, 2021"
1416,8905,6.75Ξ,"($11,571)","Feb 08, 2021"
1417,8905,5.85Ξ,"($9,826)","Feb 06, 2021"
1418,8905,2.29Ξ,($882),"Sep 19, 2020"
1419,8905,0.50Ξ,($59),"Mar 13, 2020"
1420,8905,0.34Ξ,($40),"Jan 24, 2019"
1421,8906,60Ξ,"($107,727)","Mar 15, 2021"
1422,8906,52Ξ,"($97,686)","Mar 15, 2021"
1423,8906,45Ξ,"($86,623)","Feb 21, 2021"
1424,8906,25Ξ,"($33,717)","Jan 30, 2021"
1425,8907,23.95Ξ,"($42,564)","Feb 17, 2021"
1426,8910,1Ξ,($143),"Mar 30, 2019"
1427,8911,4.99Ξ,"($1,767)","Sep 28, 2020"
1428,8911,0.25Ξ,($46),"Nov 02, 2019"
1429,8912,0.69Ξ,($80),"Jan 13, 2019"
1430,8912,0.35Ξ,($30),"Dec 13, 2018"
1431,8913,27Ξ,"($48,412)","Mar 22, 2021"
1432,8915,1.29Ξ,($257),"May 26, 2020"
1433,8916,40.50Ξ,"($68,449)","Mar 28, 2021"
1434,8916,32.50Ξ,"($59,863)","Mar 09, 2021"
1435,8917,0.44Ξ,($60),"Nov 21, 2018"
1436,8918,0.75Ξ,($165),"Feb 07, 2020"
1437,8919,21Ξ,"($45,008)","Jul 11, 2021"
1438,8919,4.69Ξ,"($2,926)","Dec 22, 2020"
1439,8919,1.25Ξ,($459),"Sep 11, 2020"
1440,8919,1.19Ξ,($434),"Sep 11, 2020"
1441,8919,0.98Ξ,($233),"Jul 15, 2020"
1442,8919,0.75Ξ,($179),"Jul 11, 2020"
1443,8919,0.36Ξ,($53),"Nov 25, 2019"
1444,8919,0.35Ξ,($53),"Nov 23, 2019"
1445,8919,0.25Ξ,($44),"Sep 28, 2019"
1446,8920,0.25Ξ,($93),"Aug 29, 2017"
1447,8922,1.79Ξ,($420),"Jun 02, 2020"
1448,8922,1.35Ξ,($276),"May 24, 2020"
1449,8924,17.95Ξ,"($39,132)","Jun 29, 2021"
1450,8924,16.49Ξ,"($34,661)","Jun 29, 2021"
1451,8924,14.55Ξ,"($26,979)","Jun 25, 2021"
1452,8924,20Ξ,"($48,206)","Jun 16, 2021"
1453,8924,23.50Ξ,"($75,003)","May 03, 2021"
1454,8924,22.99Ξ,"($47,521)","Apr 08, 2021"
1455,8924,20.49Ξ,"($31,881)","Mar 06, 2021"
1456,8924,0.50Ξ,($87),"May 06, 2019"
1457,8925,0.05Ξ,($13),"Jun 26, 2017"
1458,8926,10Ξ,"($18,166)","Feb 15, 2021"
1459,8926,0.80Ξ,($350),"Aug 31, 2020"
1460,8926,1.45Ξ,($299),"May 27, 2020"
1461,8927,24Ξ,"($49,811)","Apr 09, 2021"
1462,8927,23Ξ,"($47,671)","Apr 09, 2021"
1463,8927,3.50Ξ,"($1,245)","Sep 27, 2020"
1464,8927,2.75Ξ,($955),"Sep 24, 2020"
1465,8927,1.11Ξ,($381),"Sep 08, 2020"
1466,8927,1.10Ξ,($434),"Aug 07, 2020"
1467,8929,27Ξ,"($46,848)","Feb 09, 2021"
1468,8931,3.49Ξ,"($1,329)","Sep 20, 2020"
1469,8931,1.87Ξ,($386),"May 27, 2020"
1470,8931,1.75Ξ,($353),"May 27, 2020"
1471,8932,23.50Ξ,"($58,492)","Apr 16, 2021"
1472,8933,30Ξ,"($75,765)","Apr 27, 2021"
1473,8933,21.50Ξ,"($39,601)","Mar 09, 2021"
1474,8933,23.49Ξ,"($38,960)","Mar 07, 2021"
1475,8933,12Ξ,"($18,723)","Feb 03, 2021"
1476,8934,1.26Ξ,($332),"Jun 14, 2019"
1477,8934,0.10Ξ,($38),"Nov 22, 2017"
1478,8936,30.99Ξ,"($78,839)","Apr 22, 2021"
1479,8936,32.99Ξ,"($57,350)","Mar 12, 2021"
1480,8937,26Ξ,"($87,974)","May 04, 2021"
1481,8937,21Ξ,"($48,520)","Apr 20, 2021"
1482,8937,21.60Ξ,"($46,764)","Apr 13, 2021"
1483,8937,21Ξ,"($43,407)","Apr 08, 2021"
1484,8938,1.10Ξ,($242),"Jun 28, 2020"
1485,8938,0.79Ξ,($178),"Jun 27, 2020"
1486,8940,0.05Ξ,($13),"Jun 26, 2017"
1487,8941,18.50Ξ,"($33,737)","Mar 31, 2021"
1488,8941,15Ξ,"($28,375)","Feb 18, 2021"
1489,8942,1.65Ξ,($612),"Sep 11, 2020"
1490,8943,0.10Ξ,($79),"Dec 21, 2017"
1491,8944,23.80Ξ,"($36,131)","Mar 01, 2021"
1492,8944,24Ξ,"($46,892)","Feb 21, 2021"
1493,8944,8Ξ,"($14,626)","Feb 12, 2021"
1494,8945,18Ξ,"($38,045)","Jul 09, 2021"
1495,8945,2.50Ξ,($961),"Sep 20, 2020"
1496,8946,28.50Ξ,"($78,422)","Apr 30, 2021"
1497,8946,21.50Ξ,"($44,633)","Apr 09, 2021"
1498,8946,16.50Ξ,"($33,750)","Apr 08, 2021"
1499,8946,5.50Ξ,"($2,011)","Oct 01, 2020"
1500,8946,5.95Ξ,"($2,172)","Sep 28, 2020"
1501,8946,5Ξ,"($1,790)","Sep 28, 2020"
1502,8946,5Ξ,"($1,828)","Sep 15, 2020"
1503,8946,1.92Ξ,($394),"May 22, 2020"
1504,8946,1.40Ξ,($294),"May 20, 2020"
1505,8947,31Ξ,"($67,277)","Jul 09, 2021"
1506,8947,27Ξ,"($61,898)","Apr 14, 2021"
1507,8947,25Ξ,"($57,494)","Apr 13, 2021"
1508,8949,5.75Ξ,"($2,027)","Sep 29, 2020"
1509,8949,5Ξ,"($1,824)","Sep 28, 2020"
1510,8949,2.20Ξ,($758),"Sep 22, 2020"
1511,8949,2.10Ξ,($800),"Sep 20, 2020"
1512,8949,1.90Ξ,($716),"Sep 14, 2020"
1513,8949,0.26Ξ,($40),"Nov 23, 2019"
1514,8949,0.25Ξ,($38),"Nov 23, 2019"
1515,8950,0.25Ξ,($80),"Aug 21, 2017"
1516,8951,32.50Ξ,"($61,793)","Jul 16, 2021"
1517,8951,31.99Ξ,"($60,630)","Mar 14, 2021"
1518,8951,17.25Ξ,"($31,837)","Feb 17, 2021"
1519,8951,6.07Ξ,"($2,109)","Oct 03, 2020"
1520,8951,1Ξ,($155),"Apr 13, 2020"
1521,8952,0.10Ξ,($42),"Dec 07, 2017"
1522,8953,23.69Ξ,"($40,657)","Mar 28, 2021"
1523,8954,22.70Ξ,"($48,257)","Apr 12, 2021"
1524,8954,0.19Ξ,($53),"Jun 30, 2017"
1525,8954,0.08Ξ,($23),"Jun 29, 2017"
1526,8956,21Ξ,"($70,782)","May 04, 2021"
1527,8956,20.21Ξ,"($47,051)","Apr 23, 2021"
1528,8956,0.10Ξ,($115),"Jan 20, 2018"
1529,8958,0.60Ξ,($160),"Jul 06, 2017"
1530,8961,25.99Ξ,"($57,323)","Apr 19, 2021"
1531,8967,0.50Ξ,($146),"Jun 29, 2017"
1532,8970,14.90Ξ,"($29,396)","Feb 21, 2021"
1533,8970,13.78Ξ,"($26,677)","Feb 21, 2021"
1534,8970,5.94Ξ,"($10,631)","Feb 11, 2021"
1535,8970,4.80Ξ,"($1,695)","Oct 02, 2020"
1536,8970,3.39Ξ,"($1,203)","Sep 27, 2020"
1537,8970,3.18Ξ,"($1,123)","Sep 27, 2020"
1538,8970,3Ξ,"($1,062)","Sep 27, 2020"
1539,8970,2.85Ξ,"($1,008)","Sep 26, 2020"
1540,8970,2Ξ,($757),"Sep 19, 2020"
1541,8970,1.45Ξ,($546),"Sep 14, 2020"
1542,8970,1.25Ξ,($458),"Sep 11, 2020"
1543,8970,1.14Ξ,($415),"Sep 11, 2020"
1544,8970,0.70Ξ,($160),"Jun 19, 2020"
1545,8971,22.40Ξ,"($42,946)","Feb 20, 2021"
1546,8971,0.40Ξ,($89),"Oct 04, 2018"
1547,8972,42Ξ,"($75,155)","Mar 11, 2021"
1548,8973,0.44Ξ,($100),"Jul 18, 2017"
1549,8974,0.45Ξ,($78),"May 06, 2019"
1550,8976,0.45Ξ,($108),"Jul 07, 2017"
1551,8978,25Ξ,"($60,170)","Apr 22, 2021"
1552,8978,0.50Ξ,($88),"Sep 04, 2019"
1553,8981,4Ξ,"($1,517)","Sep 13, 2020"
1554,8981,1Ξ,($127),"Jan 03, 2020"
1555,8984,1.38Ξ,($528),"Sep 14, 2020"
1556,8984,1Ξ,($364),"Sep 11, 2020"
1557,8984,0.99Ξ,($227),"Jun 20, 2020"
1558,8984,0.70Ξ,($160),"Jun 19, 2020"
1559,8987,6Ξ,"($10,244)","Feb 08, 2021"
1560,8988,27Ξ,"($57,963)","Apr 11, 2021"
1561,8988,24.50Ξ,"($50,780)","Apr 09, 2021"
1562,8988,21.95Ξ,"($34,594)","Mar 25, 2021"
1563,8988,24.99Ξ,"($36,330)","Mar 05, 2021"
1564,8988,15Ξ,"($28,533)","Feb 18, 2021"
1565,8989,33Ξ,"($71,321)","Apr 19, 2021"
1566,8990,33Ξ,"($70,249)","Jun 20, 2021"
1567,8990,2.50Ξ,($596),"Jun 01, 2020"
1568,8990,0.40Ξ,($84),"Aug 09, 2019"
1569,8991,1.65Ξ,($633),"Sep 19, 2020"
1570,8991,1.30Ξ,($498),"Sep 12, 2020"
1571,8993,22.50Ξ,"($35,417)","Feb 25, 2021"
1572,8994,2.50Ξ,($335),"Mar 25, 2019"
1573,8994,0.69Ξ,($279),"Aug 06, 2018"
1574,8994,0.09Ξ,($91),"Jan 18, 2018"
1575,8995,15Ξ,"($29,343)","Feb 19, 2021"
1576,8995,13.30Ξ,"($26,251)","Feb 19, 2021"
1577,8995,11.25Ξ,"($22,127)","Feb 19, 2021"
1578,8996,2.15Ξ,($740),"Sep 22, 2020"
1579,8996,1.80Ξ,($626),"Sep 21, 2020"
1580,8998,7.49Ξ,"($5,444)","Dec 28, 2020"
1581,8998,7.50Ξ,"($2,565)","Oct 07, 2020"
1582,8998,0.10Ξ,($60),"Jun 08, 2018"
1583,8999,0.12Ξ,($90),"May 07, 2018"
1584,9000,28Ξ,"($50,453)","Mar 10, 2021"
