,id,amount_ethereum,amount_dollars,transaction_date
0,6000,19Ξ,"($33,581)","Mar 29, 2021"
1,6002,39.99Ξ,"($68,165)","Mar 23, 2021"
2,6002,37Ξ,"($66,980)","Mar 21, 2021"
3,6003,24.50Ξ,"($77,650)","May 03, 2021"
4,6007,1.35Ξ,($269),"May 26, 2020"
5,6007,0.65Ξ,($105),"Jan 23, 2020"
6,6007,0.40Ξ,($118),"Jun 21, 2019"
7,6008,19.50Ξ,"($46,256)","Apr 16, 2021"
8,6008,3.10Ξ,"($1,091)","Sep 27, 2020"
9,6008,2.95Ξ,"($1,047)","Sep 26, 2020"
10,6008,2.90Ξ,"($1,018)","Sep 24, 2020"
11,6008,2.50Ξ,($865),"Sep 24, 2020"
12,6008,0.40Ξ,($118),"Jun 21, 2019"
13,6009,0.25Ξ,($45),"Sep 03, 2019"
14,6010,29.90Ξ,"($44,911)","Feb 27, 2021"
15,6010,13.49Ξ,"($23,558)","Feb 17, 2021"
16,6010,7.10Ξ,"($7,829)","Jan 13, 2021"
17,6011,0.33Ξ,($109),"Aug 25, 2017"
18,6011,0.22Ξ,($44),"Jul 10, 2017"
19,6012,39Ξ,"($83,791)","Jul 12, 2021"
20,6012,32Ξ,"($74,227)","Jul 06, 2021"
21,6012,34Ξ,"($110,839)","May 03, 2021"
22,6012,32Ξ,"($66,925)","Apr 09, 2021"
23,6012,19Ξ,"($36,222)","Feb 18, 2021"
24,6012,10.50Ξ,"($18,954)","Feb 13, 2021"
25,6012,10Ξ,"($11,027)","Jan 13, 2021"
26,6014,40Ξ,"($84,858)","Apr 06, 2021"
27,6015,0.15Ξ,($113),"May 07, 2018"
28,6016,30Ξ,"($46,942)","Feb 23, 2021"
29,6016,0.60Ξ,($80),"Jan 04, 2020"
30,6016,0.40Ξ,($118),"Jun 21, 2019"
31,6020,0.08Ξ,($55),"Dec 15, 2017"
32,6021,17Ξ,"($35,055)","Apr 05, 2021"
33,6022,20Ξ,"($30,374)","Mar 05, 2021"
34,6022,0.45Ξ,($78),"May 06, 2019"
35,6023,0.50Ξ,($103),"Jul 10, 2017"
36,6024,2Ξ,($408),"May 25, 2020"
37,6024,0.55Ξ,($107),"Mar 09, 2020"
38,6024,0.40Ξ,($118),"Jun 21, 2019"
39,6026,1.99Ξ,($743),"Sep 14, 2020"
40,6026,0.39Ξ,($104),"Jul 06, 2017"
41,6027,0.90Ξ,($266),"Sep 02, 2018"
42,6028,21Ξ,"($28,565)","Feb 28, 2021"
43,6029,0.35Ξ,($94),"Jul 04, 2017"
44,6030,35Ξ,"($68,662)","Feb 21, 2021"
45,6030,12.50Ξ,"($4,430)","Sep 29, 2020"
46,6030,0.59Ξ,($122),"Jul 10, 2017"
47,6030,0.35Ξ,($99),"Jul 02, 2017"
48,6031,0.42Ξ,($57),"Mar 21, 2019"
49,6032,33.66Ξ,"($72,658)","Apr 19, 2021"
50,6032,15Ξ,"($29,045)","Feb 18, 2021"
51,6034,50.34Ξ,"($81,034)","Mar 03, 2021"
52,6034,15Ξ,"($26,097)","Feb 17, 2021"
53,6035,21.10Ξ,"($38,134)","Mar 12, 2021"
54,6035,17.04Ξ,"($31,050)","Mar 09, 2021"
55,6036,34Ξ,"($66,430)","Feb 21, 2021"
56,6036,0.55Ξ,($79),"Dec 11, 2019"
57,6036,0.49Ξ,($92),"Nov 13, 2019"
58,6036,0.70Ξ,($97),"Mar 06, 2019"
59,6037,29.50Ξ,"($53,621)","Mar 18, 2021"
60,6039,0.24Ξ,($65),"Jul 03, 2017"
61,6043,139.36Ξ,"($547,845)","May 09, 2021"
62,6046,45Ξ,"($83,209)","Mar 31, 2021"
63,6047,33.33Ξ,"($105,636)","May 03, 2021"
64,6047,27Ξ,"($45,477)","Mar 22, 2021"
65,6047,22Ξ,"($42,525)","Feb 21, 2021"
66,6047,3Ξ,($702),"Jun 12, 2020"
67,6047,1.25Ξ,($160),"Dec 24, 2019"
68,6047,0.40Ξ,($118),"Jun 21, 2019"
69,6050,0.50Ξ,($67),"Jan 03, 2020"
70,6052,14.25Ξ,"($27,232)","Feb 19, 2021"
71,6052,7.50Ξ,"($13,693)","Feb 14, 2021"
72,6052,2.60Ξ,($907),"Sep 25, 2020"
73,6052,2Ξ,($768),"Sep 18, 2020"
74,6052,1.12Ξ,($229),"May 24, 2020"
75,6055,42Ξ,"($75,662)","Mar 11, 2021"
76,6056,28Ξ,"($59,443)","Jun 29, 2021"
77,6056,26Ξ,"($85,691)","May 17, 2021"
78,6056,16Ξ,"($61,927)","May 14, 2021"
79,6057,24.50Ξ,"($54,756)","Jul 06, 2021"
80,6058,9Ξ,"($15,907)","Feb 17, 2021"
81,6058,2.30Ξ,($786),"Sep 23, 2020"
82,6058,1.55Ξ,($584),"Sep 14, 2020"
83,6058,1.30Ξ,($480),"Sep 11, 2020"
84,6058,1.25Ξ,($459),"Sep 11, 2020"
85,6058,1.24Ξ,($452),"Sep 11, 2020"
86,6058,1.45Ξ,($299),"May 27, 2020"
87,6059,21Ξ,"($44,374)","Apr 03, 2021"
88,6059,5Ξ,"($3,114)","Dec 22, 2020"
89,6059,3.75Ξ,"($1,298)","Sep 24, 2020"
90,6059,1.25Ξ,($260),"May 23, 2020"
91,6061,50Ξ,"($115,979)","Jul 06, 2021"
92,6061,36.50Ξ,"($64,078)","Mar 13, 2021"
93,6062,65Ξ,"($221,460)","May 18, 2021"
94,6063,0.05Ξ,($29),"May 31, 2018"
95,6064,16Ξ,"($33,968)","Jun 29, 2021"
96,6065,25Ξ,"($46,932)","Jul 17, 2021"
97,6065,23.95Ξ,"($45,043)","Jul 17, 2021"
98,6065,22.85Ξ,"($50,758)","Jul 05, 2021"
99,6065,21.50Ξ,"($45,904)","Jul 01, 2021"
100,6066,19.25Ξ,"($35,476)","Jun 27, 2021"
101,6066,15.50Ξ,"($29,860)","Jun 21, 2021"
102,6067,0.28Ξ,($90),"Aug 21, 2017"
103,6068,21.69Ξ,"($50,451)","Jul 04, 2021"
104,6068,20.69Ξ,"($72,998)","May 08, 2021"
105,6068,24Ξ,"($66,505)","Apr 29, 2021"
106,6068,1Ξ,($204),"May 22, 2020"
107,6068,0.30Ξ,($52),"Oct 18, 2019"
108,6068,0.30Ξ,($63),"Jul 29, 2019"
109,6069,8.55Ξ,"($14,875)","Feb 17, 2021"
110,6069,3.15Ξ,"($1,114)","Sep 27, 2020"
111,6069,1.99Ξ,($676),"Sep 23, 2020"
112,6069,1.40Ξ,($526),"Sep 14, 2020"
113,6070,2.49Ξ,($874),"Sep 24, 2020"
114,6070,1.60Ξ,($602),"Sep 14, 2020"
115,6070,1Ξ,($190),"May 13, 2020"
116,6071,15.25Ξ,"($35,480)","May 21, 2021"
117,6072,27.69Ξ,"($50,065)","Jun 25, 2021"
118,6072,20.50Ξ,"($50,339)","Jun 08, 2021"
119,6073,55Ξ,"($113,513)","Apr 08, 2021"
120,6073,44.75Ξ,"($92,499)","Apr 08, 2021"
121,6074,22Ξ,"($47,073)","Jul 11, 2021"
122,6075,65Ξ,"($135,695)","Apr 20, 2021"
123,6077,5.99Ξ,"($2,173)","Sep 28, 2020"
124,6077,1.20Ξ,($445),"Sep 10, 2020"
125,6077,0.40Ξ,($118),"Jun 21, 2019"
126,6079,3.60Ξ,"($2,141)","Dec 07, 2020"
127,6079,1Ξ,($135),"Jan 05, 2020"
128,6079,0.40Ξ,($118),"Jun 21, 2019"
129,6080,37.31Ξ,"($66,339)","Mar 21, 2021"
130,6081,19Ξ,"($23,927)","Jan 23, 2021"
131,6081,3.25Ξ,($628),"Apr 27, 2020"
132,6081,0.61Ξ,($116),"Jul 11, 2017"
133,6085,15.97Ξ,"($28,590)","Jun 27, 2021"
134,6085,14.50Ξ,"($29,315)","Jun 24, 2021"
135,6086,6Ξ,"($8,114)","Jan 31, 2021"
136,6088,20.98Ξ,"($44,997)","Apr 11, 2021"
137,6088,19Ξ,"($39,477)","Apr 08, 2021"
138,6088,16.99Ξ,"($35,119)","Apr 08, 2021"
139,6089,10Ξ,"($2,610)","Jul 01, 2017"
140,6090,4.65Ξ,"($5,509)","Jan 06, 2021"
141,6090,4.50Ξ,"($1,859)","Oct 25, 2020"
142,6090,3Ξ,"($1,051)","Sep 25, 2020"
143,6091,12.39Ξ,"($4,795)","Sep 13, 2020"
144,6091,0.55Ξ,($164),"Aug 20, 2017"
145,6092,21Ξ,"($44,185)","Jul 10, 2021"
146,6092,18.99Ξ,"($32,429)","Mar 27, 2021"
147,6092,18.50Ξ,"($31,162)","Mar 26, 2021"
148,6094,12Ξ,"($21,706)","Feb 14, 2021"
149,6094,6.98Ξ,"($9,228)","Jan 24, 2021"
150,6094,5.31Ξ,"($3,424)","Dec 27, 2020"
151,6094,5.30Ξ,"($3,372)","Dec 18, 2020"
152,6094,5.50Ξ,"($1,968)","Sep 28, 2020"
153,6094,5Ξ,"($1,768)","Sep 26, 2020"
154,6094,3.95Ξ,"($1,391)","Sep 26, 2020"
155,6094,0.75Ξ,($232),"Jun 22, 2019"
156,6094,0.40Ξ,($118),"Jun 21, 2019"
157,6095,55Ξ,"($123,601)","Apr 25, 2021"
158,6095,0.09Ξ,($36),"Apr 09, 2018"
159,6097,21Ξ,"($35,249)","Mar 27, 2021"
160,6098,0.30Ξ,($227),"Jan 01, 2018"
161,6103,0.30Ξ,($83),"Jul 03, 2017"
162,6105,0.15Ξ,($46),"Aug 11, 2017"
163,6106,52.99Ξ,"($99,085)","Mar 15, 2021"
164,6108,0.09Ξ,($42),"Dec 03, 2017"
165,6110,23Ξ,"($34,333)","Feb 26, 2021"
166,6112,26Ξ,"($41,836)","Feb 23, 2021"
167,6112,22.90Ξ,"($40,840)","Feb 22, 2021"
168,6112,4.99Ξ,"($1,737)","Oct 04, 2020"
169,6112,4.60Ξ,"($1,672)","Sep 28, 2020"
170,6112,3.95Ξ,"($1,413)","Sep 28, 2020"
171,6112,2.90Ξ,"($1,001)","Sep 25, 2020"
172,6112,2.70Ξ,($948),"Sep 24, 2020"
173,6112,2.30Ξ,($796),"Sep 24, 2020"
174,6113,30Ξ,"($63,662)","Apr 12, 2021"
175,6113,25.40Ξ,"($53,997)","Apr 12, 2021"
176,6114,27Ξ,"($43,947)","Feb 24, 2021"
177,6115,23Ξ,"($55,356)","Apr 22, 2021"
178,6115,19.99Ξ,"($40,876)","Apr 08, 2021"
179,6115,13.50Ξ,"($25,925)","Feb 19, 2021"
180,6115,12.99Ξ,"($23,439)","Feb 14, 2021"
181,6115,10.50Ξ,"($15,041)","Feb 02, 2021"
182,6117,15Ξ,"($29,216)","Feb 19, 2021"
183,6118,16Ξ,"($31,146)","Feb 21, 2021"
184,6119,6.50Ξ,"($8,193)","Jan 27, 2021"
185,6120,0.05Ξ,($15),"Sep 30, 2017"
186,6122,1.39Ξ,($287),"May 27, 2020"
187,6122,0.63Ξ,($126),"May 14, 2020"
188,6122,0.60Ξ,($115),"Feb 02, 2020"
189,6122,0.65Ξ,($105),"Jan 23, 2020"
190,6122,0.40Ξ,($118),"Jun 21, 2019"
191,6123,0.10Ξ,($139),"Jan 13, 2018"
192,6124,16.75Ξ,"($42,311)","May 29, 2021"
193,6124,15.55Ξ,"($59,161)","May 16, 2021"
194,6124,19.60Ξ,"($65,286)","May 04, 2021"
195,6124,19Ξ,"($39,273)","Apr 08, 2021"
196,6124,6.99Ξ,"($12,688)","Feb 13, 2021"
197,6124,5.10Ξ,"($6,042)","Jan 06, 2021"
198,6125,25Ξ,"($42,371)","Feb 23, 2021"
199,6125,2.90Ξ,"($1,001)","Sep 25, 2020"
200,6125,1.90Ξ,($717),"Sep 14, 2020"
201,6125,1.60Ξ,($602),"Sep 14, 2020"
202,6125,1.49Ξ,($550),"Sep 11, 2020"
203,6125,1.25Ξ,($460),"Sep 11, 2020"
204,6125,0.25Ξ,($45),"Sep 02, 2019"
205,6126,6.40Ξ,"($2,248)","Oct 05, 2020"
206,6126,0.23Ξ,($49),"Aug 12, 2019"
207,6127,22.50Ξ,"($39,869)","Mar 16, 2021"
208,6129,5.10Ξ,"($5,898)","Jan 08, 2021"
209,6130,18.49Ξ,"($33,519)","Mar 11, 2021"
210,6130,5.69Ξ,"($2,012)","Sep 29, 2020"
211,6130,3.15Ξ,"($1,114)","Sep 27, 2020"
212,6130,2Ξ,($679),"Sep 23, 2020"
213,6130,1.59Ξ,($599),"Sep 14, 2020"
214,6130,0.24Ξ,($63),"Jul 04, 2017"
215,6131,22Ξ,"($39,544)","Mar 22, 2021"
216,6131,24Ξ,"($36,744)","Feb 23, 2021"
217,6133,7.90Ξ,"($9,868)","Jan 27, 2021"
218,6133,7.25Ξ,"($1,492)","May 27, 2020"
219,6133,0.10Ξ,($29),"Oct 28, 2017"
220,6134,4.99Ξ,"($8,208)","Feb 08, 2021"
221,6134,4.50Ξ,"($6,445)","Feb 02, 2021"
222,6134,1Ξ,($259),"Feb 25, 2020"
223,6134,0.30Ξ,($90),"Aug 14, 2017"
224,6134,0.20Ξ,($51),"Aug 05, 2017"
225,6135,59Ξ,"($124,810)","Apr 20, 2021"
226,6135,50Ξ,"($91,223)","Mar 17, 2021"
227,6136,14Ξ,"($34,472)","Jun 10, 2021"
228,6136,21.45Ξ,"($63,790)","May 02, 2021"
229,6137,7.77Ξ,"($2,829)","Oct 09, 2020"
230,6139,25Ξ,"($53,933)","Apr 20, 2021"
231,6140,23.60Ξ,"($45,097)","Jul 16, 2021"
232,6140,1.90Ξ,($383),"May 26, 2020"
233,6140,0.99Ξ,($210),"May 19, 2020"
234,6140,0.30Ξ,($40),"Mar 14, 2019"
235,6140,0.40Ξ,($79),"Jul 14, 2017"
236,6140,0.20Ξ,($52),"Jul 01, 2017"
237,6140,0.10Ξ,($28),"Jun 25, 2017"
238,6141,0.05Ξ,($19),"Apr 04, 2018"
239,6142,10.25Ξ,"($18,848)","Feb 14, 2021"
240,6142,0.45Ξ,($78),"May 06, 2019"
241,6143,0.25Ξ,($45),"Oct 26, 2019"
242,6145,1.70Ξ,"($2,174)","Jan 15, 2018"
243,6147,7Ξ,"($7,267)","Jan 05, 2021"
244,6147,0.55Ξ,($104),"Sep 15, 2019"
245,6147,0.25Ξ,($45),"Sep 02, 2019"
246,6150,6.99Ξ,"($9,422)","Jan 10, 2021"
247,6150,0.06Ξ,($50),"Feb 24, 2018"
248,6152,8Ξ,"($5,162)","Dec 27, 2020"
249,6152,4.10Ξ,"($2,399)","Dec 14, 2020"
250,6152,11.99Ξ,"($4,405)","Oct 16, 2020"
251,6152,0.45Ξ,($60),"Dec 18, 2019"
252,6152,0.25Ξ,($67),"Jul 04, 2017"
253,6154,7.49Ξ,"($2,626)","Oct 03, 2020"
254,6154,6.95Ξ,"($2,447)","Oct 02, 2020"
255,6154,4Ξ,"($1,524)","Sep 18, 2020"
256,6154,2.70Ξ,($629),"Jun 25, 2020"
257,6154,0.50Ξ,($95),"Sep 15, 2019"
258,6156,10.90Ξ,"($19,837)","Feb 17, 2021"
259,6156,3.80Ξ,"($1,344)","Sep 27, 2020"
260,6156,3Ξ,"($1,034)","Sep 25, 2020"
261,6156,2.30Ξ,($865),"Sep 14, 2020"
262,6156,1.40Ξ,($515),"Sep 11, 2020"
263,6158,26Ξ,"($46,537)","Mar 21, 2021"
264,6158,23Ξ,"($39,287)","Feb 22, 2021"
265,6158,8Ξ,"($10,316)","Jan 27, 2021"
266,6160,4.89Ξ,"($5,161)","Jan 12, 2021"
267,6160,3.99Ξ,"($2,485)","Dec 22, 2020"
268,6160,0.10Ξ,($35),"Oct 06, 2020"
269,6160,0.10Ξ,($35),"Oct 06, 2020"
270,6160,6Ξ,"($2,126)","Oct 05, 2020"
271,6160,0.44Ξ,($57),"Jan 01, 2020"
272,6160,0.30Ξ,($39),"Dec 30, 2019"
273,6160,0.37Ξ,($45),"Dec 17, 2019"
274,6160,0.25Ξ,($47),"Sep 15, 2019"
275,6161,24Ξ,"($60,975)","Apr 22, 2021"
276,6162,0.55Ξ,($96),"Sep 27, 2019"
277,6162,0.25Ξ,($45),"Sep 02, 2019"
278,6167,22.99Ξ,"($55,526)","Apr 17, 2021"
279,6167,21.97Ξ,"($53,894)","Apr 16, 2021"
280,6167,8.75Ξ,"($15,814)","Feb 15, 2021"
281,6167,7.77Ξ,"($14,050)","Feb 14, 2021"
282,6167,2.89Ξ,($985),"Sep 25, 2020"
283,6167,2.30Ξ,($796),"Sep 24, 2020"
284,6168,25Ξ,"($44,630)","Mar 15, 2021"
285,6169,18.80Ξ,"($43,170)","Jul 06, 2021"
286,6169,23.99Ξ,"($76,034)","May 03, 2021"
287,6169,24.95Ξ,"($79,077)","May 03, 2021"
288,6169,1Ξ,($383),"Aug 02, 2020"
289,6170,24.99Ξ,"($47,161)","Mar 13, 2021"
290,6170,2.49Ξ,"($3,782)","Mar 05, 2021"
291,6170,18.50Ξ,"($27,581)","Mar 05, 2021"
292,6171,21Ξ,"($40,866)","Jul 13, 2021"
293,6171,13.69Ξ,($<0.01),"May 13, 2021"
294,6177,33.50Ξ,"($83,726)","Apr 26, 2021"
295,6177,28.50Ξ,"($51,153)","Mar 22, 2021"
296,6177,22Ξ,"($40,178)","Mar 19, 2021"
297,6177,0.57Ξ,($82),"Jan 10, 2020"
298,6177,0.55Ξ,($74),"Jan 04, 2020"
299,6178,0.64Ξ,($102),"Feb 23, 2019"
300,6179,21Ξ,"($45,024)","Jul 08, 2021"
301,6180,23.45Ξ,"($89,642)","May 09, 2021"
302,6183,45Ξ,"($65,911)","Feb 27, 2021"
303,6183,33Ξ,"($65,106)","Feb 21, 2021"
304,6183,1Ξ,($263),"Jun 12, 2019"
305,6185,1.10Ξ,($248),"Jun 30, 2020"
306,6187,22Ξ,"($54,358)","Jun 11, 2021"
307,6187,21Ξ,"($40,592)","Feb 21, 2021"
308,6187,16Ξ,"($31,470)","Feb 19, 2021"
309,6187,12Ξ,"($23,347)","Feb 19, 2021"
310,6188,0.10Ξ,($46),"Dec 03, 2017"
311,6190,0.10Ξ,($57),"May 29, 2018"
312,6191,11.20Ξ,"($20,444)","Feb 16, 2021"
313,6191,11Ξ,"($18,806)","Feb 15, 2021"
314,6191,7.80Ξ,"($2,829)","Sep 28, 2020"
315,6191,2.69Ξ,($978),"Sep 13, 2020"
316,6191,1.33Ξ,($266),"May 04, 2020"
317,6192,21.85Ξ,"($41,031)","Feb 22, 2021"
318,6192,6.30Ξ,"($11,275)","Feb 11, 2021"
319,6192,3.50Ξ,"($1,252)","Sep 28, 2020"
320,6192,3.15Ξ,"($1,124)","Sep 27, 2020"
321,6192,2.89Ξ,"($1,026)","Sep 25, 2020"
322,6192,2.30Ξ,($796),"Sep 24, 2020"
323,6193,22.95Ξ,"($72,122)","May 03, 2021"
324,6193,5.20Ξ,"($7,218)","Jan 30, 2021"
325,6193,4.93Ξ,"($6,046)","Jan 14, 2021"
326,6195,8Ξ,"($2,911)","Sep 28, 2020"
327,6195,0.10Ξ,($46),"Dec 03, 2017"
328,6196,18.25Ξ,"($50,299)","Jun 02, 2021"
329,6196,18Ξ,"($50,264)","May 27, 2021"
330,6196,17Ξ,"($65,287)","May 13, 2021"
331,6196,27.50Ξ,"($49,535)","Mar 16, 2021"
332,6196,7.50Ξ,"($12,441)","Feb 05, 2021"
333,6196,0.25Ξ,($45),"Sep 03, 2019"
334,6197,13.95Ξ,"($35,176)","Jun 08, 2021"
335,6197,2.29Ξ,($778),"Sep 23, 2020"
336,6197,2.04Ξ,($691),"Sep 23, 2020"
337,6197,1.99Ξ,($683),"Sep 22, 2020"
338,6197,1.75Ξ,($659),"Sep 14, 2020"
339,6197,1.25Ξ,($459),"Sep 11, 2020"
340,6197,0.25Ξ,($45),"Sep 02, 2019"
341,6200,0.08Ξ,($60),"May 07, 2018"
342,6204,0.10Ξ,($37),"Nov 20, 2017"
343,6205,22.85Ξ,"($40,842)","Mar 15, 2021"
344,6205,7.90Ξ,"($14,356)","Feb 13, 2021"
345,6205,4.40Ξ,"($5,376)","Jan 15, 2021"
346,6206,31.63Ξ,"($66,877)","Apr 20, 2021"
347,6206,1.10Ξ,($222),"May 22, 2020"
348,6207,15Ξ,"($27,412)","Feb 17, 2021"
349,6207,8Ξ,"($13,885)","Feb 09, 2021"
350,6207,5.90Ξ,"($2,147)","Sep 28, 2020"
351,6208,0.19Ξ,($50),"Jul 01, 2017"
352,6208,0.06Ξ,($20),"Jun 23, 2017"
353,6209,0.35Ξ,($43),"Dec 17, 2019"
354,6209,0.25Ξ,($47),"Sep 15, 2019"
355,6210,27.89Ξ,"($49,651)","Mar 22, 2021"
356,6210,26.50Ξ,"($46,543)","Mar 12, 2021"
357,6210,25.99Ξ,"($46,305)","Mar 11, 2021"
358,6211,21.95Ξ,"($54,491)","Apr 26, 2021"
359,6211,21.90Ξ,"($41,101)","Mar 14, 2021"
360,6211,20.49Ξ,"($37,419)","Mar 11, 2021"
361,6213,19.33Ξ,"($41,144)","Jul 10, 2021"
362,6215,24Ξ,"($43,344)","Mar 31, 2021"
363,6215,27Ξ,"($46,279)","Mar 27, 2021"
364,6216,0.75Ξ,($105),"Mar 27, 2019"
365,6216,0.40Ξ,($50),"Jan 19, 2019"
366,6216,0.10Ξ,($59),"May 26, 2018"
367,6217,28.50Ξ,"($60,564)","Jun 29, 2021"
368,6217,25Ξ,"($101,730)","May 12, 2021"
369,6217,<0.01Ξ,($<0.01),"Mar 19, 2021"
370,6217,29Ξ,"($51,762)","Mar 12, 2021"
371,6217,22Ξ,"($36,626)","Mar 07, 2021"
372,6218,0.18Ξ,($207),"Jan 20, 2018"
373,6219,29.99Ξ,"($64,639)","Jul 08, 2021"
374,6219,19.50Ξ,"($48,494)","Jun 11, 2021"
375,6219,10Ξ,"($18,526)","Feb 13, 2021"
376,6220,0.75Ξ,($151),"May 17, 2020"
377,6220,0.60Ξ,($102),"Jan 17, 2020"
378,6221,24.99Ξ,"($44,429)","Mar 21, 2021"
379,6222,0.25Ξ,($71),"Jul 02, 2017"
380,6225,2.50Ξ,($356),"Jan 06, 2020"
381,6225,0.51Ξ,($114),"Jul 12, 2017"
382,6226,11Ξ,"($20,301)","Feb 14, 2021"
383,6226,3.85Ξ,"($2,221)","Nov 30, 2020"
384,6226,4.85Ξ,"($1,886)","Oct 31, 2020"
385,6226,6Ξ,"($2,230)","Oct 11, 2020"
386,6226,5.75Ξ,"($2,058)","Sep 28, 2020"
387,6226,1.40Ξ,($492),"Sep 09, 2020"
388,6226,1.11Ξ,($243),"May 03, 2020"
389,6227,1Ξ,($206),"Aug 10, 2019"
390,6228,24Ξ,"($70,650)","May 01, 2021"
391,6228,12.80Ξ,"($24,781)","Feb 18, 2021"
392,6229,0.05Ξ,($14),"Jun 27, 2017"
393,6230,7.39Ξ,"($13,853)","Feb 13, 2021"
394,6230,6.50Ξ,"($10,545)","Feb 08, 2021"
395,6230,6.45Ξ,"($8,580)","Feb 01, 2021"
396,6230,4.50Ξ,"($5,398)","Jan 08, 2021"
397,6230,3Ξ,"($1,388)","Nov 14, 2020"
398,6230,4.70Ξ,"($1,823)","Oct 12, 2020"
399,6230,5.50Ξ,"($1,968)","Sep 28, 2020"
400,6230,3.80Ξ,"($1,337)","Sep 27, 2020"
401,6230,3.50Ξ,"($1,237)","Sep 26, 2020"
402,6230,3Ξ,"($1,054)","Sep 24, 2020"
403,6233,24.45Ξ,"($60,514)","Apr 15, 2021"
404,6233,0.85Ξ,($172),"May 14, 2020"
405,6234,0.35Ξ,($43),"Dec 17, 2019"
406,6234,0.25Ξ,($47),"Sep 15, 2019"
407,6235,27.27Ξ,"($48,400)","Mar 15, 2021"
408,6235,0.60Ξ,($108),"Oct 12, 2019"
409,6235,0.25Ξ,($45),"Sep 02, 2019"
410,6236,0.13Ξ,($103),"Dec 21, 2017"
411,6241,7.70Ξ,"($9,867)","Jan 26, 2021"
412,6241,6Ξ,"($7,517)","Jan 23, 2021"
413,6241,3.50Ξ,"($1,923)","Dec 11, 2020"
414,6241,0.89Ξ,"($1,139)","Jan 15, 2018"
415,6247,0.05Ξ,($14),"Jun 27, 2017"
416,6248,5.98Ξ,"($7,885)","Jan 24, 2021"
417,6248,5.70Ξ,"($2,006)","Oct 04, 2020"
418,6248,4Ξ,"($1,411)","Oct 04, 2020"
419,6248,0.10Ξ,($60),"Jun 08, 2018"
420,6251,26.50Ξ,"($53,152)","Feb 20, 2021"
421,6251,15.90Ξ,"($27,929)","Feb 16, 2021"
422,6252,0.31Ξ,($82),"Jul 05, 2017"
423,6253,18Ξ,"($34,576)","Apr 01, 2021"
424,6254,1.99Ξ,($755),"Sep 12, 2020"
425,6254,0.26Ξ,($40),"Nov 23, 2019"
426,6254,0.25Ξ,($38),"Nov 23, 2019"
427,6257,16.79Ξ,"($35,328)","Jul 02, 2021"
428,6257,10.50Ξ,"($19,448)","Feb 17, 2021"
429,6257,9.50Ξ,"($17,127)","Feb 17, 2021"
430,6259,14.99Ξ,"($29,770)","Jun 28, 2021"
431,6259,14.15Ξ,"($31,203)","Jun 19, 2021"
432,6259,15.75Ξ,"($43,813)","May 27, 2021"
433,6259,1.10Ξ,($422),"Aug 26, 2020"
434,6260,0.39Ξ,($48),"Dec 17, 2019"
435,6260,0.25Ξ,($47),"Sep 15, 2019"
436,6263,21.99Ξ,"($50,973)","Jul 06, 2021"
437,6265,22.98Ξ,"($72,217)","May 03, 2021"
438,6265,27.50Ξ,"($49,401)","Mar 16, 2021"
439,6265,24Ξ,"($46,032)","Feb 22, 2021"
440,6266,23.70Ξ,"($50,183)","Apr 05, 2021"
441,6266,19Ξ,"($32,376)","Mar 28, 2021"
442,6266,34.99Ξ,"($62,086)","Mar 12, 2021"
443,6268,29.99Ξ,"($46,769)","Mar 04, 2021"
444,6268,6Ξ,"($8,426)","Jan 25, 2021"
445,6272,18Ξ,"($36,103)","Feb 20, 2021"
446,6272,12Ξ,"($23,602)","Feb 19, 2021"
447,6273,32Ξ,"($47,025)","Feb 27, 2021"
448,6273,0.10Ξ,($66),"Dec 22, 2017"
449,6276,0.00Ξ,($0.00),"Jul 09, 2021"
450,6276,0.00Ξ,($0.00),"Jul 09, 2021"
451,6276,21Ξ,"($38,171)","Mar 18, 2021"
452,6276,22.50Ξ,"($41,101)","Mar 17, 2021"
453,6276,21.94Ξ,"($39,740)","Mar 17, 2021"
454,6276,13.65Ξ,"($26,641)","Feb 21, 2021"
455,6276,6Ξ,"($10,738)","Feb 11, 2021"
456,6276,4.89Ξ,"($6,701)","Jan 30, 2021"
457,6276,2.85Ξ,($986),"Sep 24, 2020"
458,6276,2.19Ξ,($757),"Sep 24, 2020"
459,6276,1.80Ξ,($613),"Sep 22, 2020"
460,6278,27.50Ξ,"($40,899)","Feb 26, 2021"
461,6278,27Ξ,"($43,445)","Feb 23, 2021"
462,6278,0.10Ξ,($33),"Nov 15, 2017"
463,6281,21Ξ,"($41,951)","Jul 14, 2021"
464,6281,20Ξ,"($40,716)","Jul 13, 2021"
465,6281,29.45Ξ,"($53,706)","Mar 19, 2021"
466,6281,7.50Ξ,"($9,971)","Jan 24, 2021"
467,6281,0.89Ξ,($144),"Jan 16, 2020"
468,6281,0.50Ξ,($66),"Jan 01, 2020"
469,6281,0.25Ξ,($45),"Sep 02, 2019"
470,6282,0.45Ξ,($108),"Jun 04, 2019"
471,6283,31Ξ,"($68,408)","Jul 01, 2021"
472,6283,29Ξ,"($75,368)","Apr 28, 2021"
473,6287,16Ξ,"($45,335)","Jun 03, 2021"
474,6287,26.99Ξ,"($49,868)","Mar 20, 2021"
475,6288,15.99Ξ,"($17,150)","Jan 13, 2021"
476,6288,14Ξ,"($17,647)","Jan 07, 2021"
477,6289,0.05Ξ,($26),"May 28, 2018"
478,6291,9.99Ξ,"($18,011)","Feb 17, 2021"
479,6291,6.70Ξ,"($11,788)","Feb 09, 2021"
480,6292,20.50Ξ,"($40,968)","Jul 14, 2021"
481,6292,19.94Ξ,"($40,679)","Jul 12, 2021"
482,6292,17.50Ξ,"($38,956)","Jun 29, 2021"
483,6292,14.60Ξ,"($30,723)","Jun 20, 2021"
484,6292,1.15Ξ,($246),"May 20, 2020"
485,6293,20Ξ,"($77,059)","May 10, 2021"
486,6293,24Ξ,"($52,350)","Apr 18, 2021"
487,6294,21Ξ,"($41,319)","Feb 21, 2021"
488,6294,19Ξ,"($34,783)","Feb 14, 2021"
489,6295,73Ξ,"($215,181)","May 02, 2021"
490,6295,2.59Ξ,($621),"Jul 10, 2020"
491,6295,2.95Ξ,($695),"Jun 22, 2020"
492,6295,0.42Ξ,($124),"Jun 21, 2019"
493,6297,520.69Ξ,($1.17M),"Jul 05, 2021"
494,6297,215Ξ,"($343,933)","Feb 07, 2021"
495,6298,0.10Ξ,($58),"May 25, 2018"
496,6300,0.06Ξ,($45),"May 07, 2018"
497,6301,26.99Ξ,"($52,099)","Mar 13, 2021"
498,6302,18Ξ,"($40,040)","Jul 03, 2021"
499,6302,4.80Ξ,"($1,706)","Sep 26, 2020"
500,6302,1.55Ξ,($570),"Sep 11, 2020"
501,6303,3.40Ξ,"($1,222)","Sep 28, 2020"
502,6303,3Ξ,"($1,064)","Sep 27, 2020"
503,6303,2.84Ξ,"($1,009)","Sep 26, 2020"
504,6303,2.85Ξ,"($1,012)","Sep 25, 2020"
505,6303,2.30Ξ,($752),"Sep 24, 2020"
506,6303,1.55Ξ,($584),"Sep 14, 2020"
507,6303,1.49Ξ,($550),"Sep 11, 2020"
508,6303,1.25Ξ,($459),"Sep 11, 2020"
509,6303,1.15Ξ,($419),"Sep 11, 2020"
510,6303,0.30Ξ,($56),"Aug 27, 2019"
511,6306,0.20Ξ,($59),"Oct 26, 2017"
512,6307,0.45Ξ,($58),"Dec 23, 2019"
513,6307,0.25Ξ,($45),"Sep 02, 2019"
514,6312,18.50Ξ,"($35,736)","Apr 01, 2021"
515,6313,24.97Ξ,"($41,372)","Feb 24, 2021"
516,6313,23.50Ξ,"($39,703)","Feb 24, 2021"
517,6313,0.25Ξ,($54),"Jul 22, 2019"
518,6314,24.99Ξ,"($53,497)","Apr 12, 2021"
519,6314,22.20Ξ,"($47,414)","Apr 11, 2021"
520,6315,0.20Ξ,($56),"Jun 25, 2017"
521,6315,0.10Ξ,($28),"Jun 25, 2017"
522,6316,0.18Ξ,($58),"Jun 28, 2017"
523,6318,0.11Ξ,($35),"Jun 23, 2017"
524,6322,0.50Ξ,($69),"Mar 26, 2020"
525,6322,0.05Ξ,($28),"May 29, 2018"
526,6324,0.50Ξ,($132),"Jun 14, 2019"
527,6326,42.99Ξ,"($77,711)","Mar 15, 2021"
528,6326,10Ξ,"($12,221)","Jan 16, 2021"
529,6326,6Ξ,"($4,397)","Dec 31, 2020"
530,6331,5.90Ξ,"($2,140)","Sep 28, 2020"
531,6331,1.60Ξ,($584),"Sep 14, 2020"
532,6332,69.99Ξ,"($150,778)","Apr 12, 2021"
533,6332,30Ξ,"($57,612)","Feb 19, 2021"
534,6332,15.90Ξ,"($16,569)","Jan 11, 2021"
535,6332,0.25Ξ,($98),"Sep 01, 2017"
536,6333,33Ξ,"($50,781)","Mar 03, 2021"
537,6333,6.75Ξ,"($2,415)","Sep 28, 2020"
538,6333,1Ξ,($197),"Apr 28, 2020"
539,6334,54.45Ξ,"($115,876)","Jul 09, 2021"
540,6334,32Ξ,"($106,103)","May 03, 2021"
541,6335,13.70Ξ,"($50,485)","May 13, 2021"
542,6335,0.10Ξ,($19),"Sep 11, 2018"
543,6338,0.45Ξ,($135),"Aug 14, 2017"
544,6341,7.04Ξ,"($12,351)","Feb 09, 2021"
545,6342,0.05Ξ,($10),"Jul 10, 2017"
546,6344,4.50Ξ,"($1,559)","Sep 25, 2020"
547,6346,0.20Ξ,($39),"Jul 30, 2017"
548,6350,41.20Ξ,"($122,523)","May 02, 2021"
549,6350,32.50Ξ,"($81,226)","Apr 26, 2021"
550,6350,37Ξ,"($78,658)","Apr 12, 2021"
551,6353,20Ξ,"($79,998)","May 10, 2021"
552,6353,29.50Ξ,"($104,415)","May 08, 2021"
553,6353,25Ξ,"($41,859)","Mar 23, 2021"
554,6353,16Ξ,"($31,580)","Feb 19, 2021"
555,6354,19.93Ξ,"($45,755)","Apr 23, 2021"
556,6354,20.50Ξ,"($44,062)","Apr 12, 2021"
557,6354,2.85Ξ,"($1,008)","Sep 26, 2020"
558,6354,1.78Ξ,($665),"Sep 20, 2020"
559,6354,1.64Ξ,($618),"Sep 14, 2020"
560,6354,1.30Ξ,($265),"May 27, 2020"
561,6354,0.59Ξ,($98),"Jan 17, 2020"
562,6355,20Ξ,"($51,646)","Jun 10, 2021"
563,6355,9.75Ξ,"($17,754)","Feb 16, 2021"
564,6358,0.40Ξ,($112),"Jun 30, 2017"
565,6359,19.98Ξ,"($48,316)","May 30, 2021"
566,6359,26Ξ,"($55,467)","Apr 12, 2021"
567,6360,42.50Ξ,"($93,798)","Jun 29, 2021"
568,6360,54Ξ,"($114,209)","Apr 10, 2021"
569,6361,16.75Ξ,"($42,248)","Jun 15, 2021"
570,6361,15Ξ,"($38,274)","Jun 15, 2021"
571,6361,27Ξ,"($91,357)","May 04, 2021"
572,6361,21Ξ,"($52,778)","Apr 16, 2021"
573,6362,15.95Ξ,"($31,446)","Jun 28, 2021"
574,6362,20.50Ξ,"($48,575)","Apr 22, 2021"
575,6363,16.86Ξ,"($34,485)","Apr 08, 2021"
576,6363,0.58Ξ,($113),"Apr 28, 2020"
577,6363,0.55Ξ,($78),"Jan 08, 2020"
578,6364,22.50Ξ,"($61,432)","Apr 28, 2021"
579,6364,21Ξ,"($48,703)","Apr 24, 2021"
580,6366,20Ξ,"($46,168)","Apr 23, 2021"
581,6366,9.50Ξ,"($17,196)","Feb 17, 2021"
582,6372,22Ξ,"($45,553)","Apr 08, 2021"
583,6372,16Ξ,"($33,478)","Apr 03, 2021"
584,6374,24.97Ξ,"($39,786)","Mar 25, 2021"
585,6374,24Ξ,"($43,983)","Mar 20, 2021"
586,6376,35Ξ,"($63,874)","Mar 18, 2021"
587,6379,17.60Ξ,"($41,485)","Jul 04, 2021"
588,6379,14.74Ξ,"($28,935)","Jun 24, 2021"
589,6379,20.99Ξ,"($68,591)","May 04, 2021"
590,6379,20Ξ,"($35,990)","Mar 16, 2021"
591,6379,24.75Ξ,"($40,582)","Feb 24, 2021"
592,6379,23.23Ξ,"($41,215)","Feb 23, 2021"
593,6379,14.50Ξ,"($27,915)","Feb 18, 2021"
594,6380,19.95Ξ,"($44,030)","Jun 29, 2021"
595,6380,20Ξ,"($47,390)","Apr 22, 2021"
596,6381,34Ξ,"($53,234)","Feb 24, 2021"
597,6381,25Ξ,"($48,702)","Feb 21, 2021"
598,6384,18Ξ,"($35,512)","Feb 21, 2021"
599,6384,1.10Ξ,($228),"May 24, 2020"
600,6385,0.39Ξ,($48),"Dec 17, 2019"
601,6385,0.25Ξ,($47),"Sep 15, 2019"
602,6387,8.50Ξ,"($15,744)","Feb 17, 2021"
603,6387,8.25Ξ,"($14,707)","Feb 15, 2021"
604,6388,22.75Ξ,"($59,904)","Apr 27, 2021"
605,6391,10.49Ξ,"($18,809)","Feb 16, 2021"
606,6392,3.40Ξ,($689),"May 27, 2020"
607,6393,22.25Ξ,"($45,239)","Apr 05, 2021"
608,6393,20.25Ξ,"($34,684)","Mar 24, 2021"
609,6396,0.25Ξ,($54),"Jul 22, 2019"
610,6397,24.97Ξ,"($53,811)","Apr 12, 2021"
611,6397,2.50Ξ,($873),"Sep 25, 2020"
612,6397,2.30Ξ,($796),"Sep 24, 2020"
613,6397,2.06Ξ,($694),"Sep 23, 2020"
614,6397,1.92Ξ,($653),"Sep 23, 2020"
615,6397,1.90Ξ,($706),"Sep 15, 2020"
616,6397,1.79Ξ,($675),"Sep 14, 2020"
617,6397,1.61Ξ,($605),"Sep 14, 2020"
618,6397,0.68Ξ,($136),"May 14, 2020"
619,6397,0.66Ξ,($116),"Jan 19, 2020"
620,6397,0.55Ξ,($80),"Jan 08, 2020"
621,6398,18.50Ξ,"($33,689)","Jun 22, 2021"
622,6398,16.76Ξ,"($42,689)","Jun 15, 2021"
623,6398,0.67Ξ,($135),"May 14, 2020"
624,6401,19.99Ξ,"($39,949)","Jul 14, 2021"
625,6401,16.98Ξ,"($67,294)","May 11, 2021"
626,6401,20.75Ξ,"($43,397)","Apr 09, 2021"
627,6401,18.50Ξ,"($38,438)","Apr 08, 2021"
628,6401,17.99Ξ,"($37,186)","Apr 08, 2021"
629,6402,50Ξ,"($187,339)","May 13, 2021"
630,6402,85Ξ,"($301,600)","May 08, 2021"
631,6403,28.50Ξ,"($53,701)","Mar 15, 2021"
632,6405,26Ξ,"($54,103)","Apr 09, 2021"
633,6405,18Ξ,"($30,388)","Mar 28, 2021"
634,6406,33Ξ,"($58,632)","Mar 18, 2021"
635,6408,0.48Ξ,($142),"Jun 21, 2019"
636,6408,0.50Ξ,($86),"May 08, 2019"
637,6410,48Ξ,"($112,486)","Apr 23, 2021"
638,6410,39.50Ξ,"($90,488)","Apr 21, 2021"
639,6411,3.50Ξ,"($1,470)","Nov 05, 2020"
640,6411,5.98Ξ,"($2,137)","Sep 29, 2020"
641,6411,4.19Ξ,"($1,499)","Sep 28, 2020"
642,6411,1.95Ξ,($718),"Sep 16, 2020"
643,6411,1Ξ,($351),"Sep 06, 2020"
644,6411,0.67Ξ,($162),"Mar 07, 2020"
645,6411,0.30Ξ,($52),"Sep 28, 2019"
646,6412,23Ξ,"($43,730)","Jul 16, 2021"
647,6412,23Ξ,"($41,375)","Mar 21, 2021"
648,6412,19.50Ξ,"($34,688)","Mar 11, 2021"
649,6412,3.50Ξ,"($1,339)","Nov 03, 2020"
650,6412,3Ξ,"($1,051)","Sep 25, 2020"
651,6414,20Ξ,"($39,185)","Feb 20, 2021"
652,6414,17Ξ,"($30,755)","Feb 14, 2021"
653,6414,10Ξ,"($17,470)","Feb 05, 2021"
654,6415,0.40Ξ,($60),"Jan 03, 2019"
655,6415,0.30Ξ,($85),"Jul 02, 2017"
656,6417,0.10Ξ,($83),"Feb 04, 2018"
657,6419,58Ξ,"($102,915)","Mar 15, 2021"
658,6419,4Ξ,($803),"May 26, 2020"
659,6419,1.99Ξ,($253),"Jan 03, 2020"
660,6420,1.50Ξ,($191),"Dec 21, 2019"
661,6420,1.30Ξ,($214),"Apr 13, 2019"
662,6421,22.40Ξ,"($34,086)","Mar 01, 2021"
663,6421,18.88Ξ,"($37,249)","Feb 21, 2021"
664,6421,4.72Ξ,"($1,696)","Sep 28, 2020"
665,6421,4.25Ξ,"($1,521)","Sep 28, 2020"
666,6421,1.78Ξ,($665),"Sep 20, 2020"
667,6421,0.25Ξ,($38),"Nov 23, 2019"
668,6423,3.80Ξ,"($1,365)","Sep 28, 2020"
669,6423,1.20Ξ,($246),"May 25, 2020"
670,6423,0.55Ξ,($107),"Mar 09, 2020"
671,6423,0.25Ξ,($52),"Aug 13, 2019"
672,6424,5.69Ξ,"($9,169)","Feb 08, 2021"
673,6425,19.29Ξ,"($39,353)","Jul 12, 2021"
674,6425,0.50Ξ,($88),"Apr 07, 2019"
675,6426,0.35Ξ,($94),"Jul 04, 2017"
676,6429,20.15Ξ,"($50,142)","Apr 15, 2021"
677,6431,21.99Ξ,"($32,585)","Mar 05, 2021"
678,6431,28.99Ξ,"($42,518)","Feb 26, 2021"
679,6433,0.10Ξ,($105),"Jan 16, 2018"
680,6435,0.45Ξ,($78),"Apr 20, 2019"
681,6437,12.64Ξ,"($21,027)","Feb 04, 2021"
682,6439,0.58Ξ,($157),"Feb 23, 2020"
683,6439,0.20Ξ,($38),"Oct 11, 2018"
684,6442,0.10Ξ,($58),"May 25, 2018"
685,6444,0.50Ξ,($64),"Jan 01, 2020"
686,6444,0.25Ξ,($45),"Sep 02, 2019"
687,6445,0.59Ξ,($117),"May 14, 2020"
688,6445,0.50Ξ,($77),"Apr 13, 2020"
689,6446,21.40Ξ,"($47,615)","Apr 13, 2021"
690,6446,0.34Ξ,($91),"Jul 04, 2017"
691,6448,24Ξ,"($76,066)","May 03, 2021"
692,6451,2.25Ξ,($370),"Jan 19, 2020"
693,6451,0.30Ξ,($81),"Jul 04, 2017"
694,6452,9.98Ξ,"($18,150)","Feb 17, 2021"
695,6452,2.75Ξ,($949),"Sep 25, 2020"
696,6452,1.90Ξ,($716),"Sep 14, 2020"
697,6452,0.25Ξ,($38),"Nov 23, 2019"
698,6453,2Ξ,($775),"Sep 13, 2020"
699,6453,0.49Ξ,($110),"Jul 24, 2017"
700,6454,0.39Ξ,($94),"Jul 07, 2017"
701,6457,15Ξ,"($41,029)","May 27, 2021"
702,6457,4Ξ,"($2,576)","Dec 26, 2020"
703,6457,2.90Ξ,"($1,029)","Sep 26, 2020"
704,6457,1.90Ξ,($716),"Sep 14, 2020"
705,6457,0.25Ξ,($38),"Nov 23, 2019"
706,6458,9Ξ,"($4,193)","Nov 17, 2020"
707,6459,13Ξ,"($17,305)","Jan 19, 2021"
708,6461,20Ξ,"($39,369)","Apr 07, 2021"
709,6461,0.10Ξ,($47),"Dec 04, 2017"
710,6462,1.85Ξ,($375),"May 27, 2020"
711,6462,1.59Ξ,($324),"May 26, 2020"
712,6462,1.35Ξ,($276),"May 24, 2020"
713,6466,106Ξ,"($181,677)","Mar 08, 2021"
714,6468,10.75Ξ,"($19,748)","Feb 14, 2021"
715,6468,6.74Ξ,"($2,372)","Sep 27, 2020"
716,6468,0.44Ξ,($81),"Nov 17, 2019"
717,6469,30Ξ,"($53,912)","Mar 21, 2021"
718,6469,7Ξ,"($9,390)","Jan 24, 2021"
719,6470,25Ξ,"($60,958)","Jun 17, 2021"
720,6470,25.25Ξ,"($60,378)","Apr 14, 2021"
721,6470,23.98Ξ,"($49,869)","Apr 09, 2021"
722,6470,0.37Ξ,($56),"Dec 08, 2019"
723,6470,0.36Ξ,($52),"Dec 04, 2019"
724,6470,0.50Ξ,($123),"Jun 11, 2019"
725,6473,47Ξ,"($135,038)","May 01, 2021"
726,6480,1Ξ,($205),"May 24, 2020"
727,6480,0.50Ξ,($93),"Nov 09, 2019"
728,6480,0.30Ξ,($55),"Nov 02, 2019"
729,6483,0.60Ξ,($173),"Jul 10, 2019"
730,6483,0.44Ξ,($118),"Jul 04, 2017"
731,6485,3.50Ξ,"($1,875)","Nov 21, 2020"
732,6485,4.25Ξ,"($1,750)","Oct 22, 2020"
733,6485,0.05Ξ,($30),"Jun 08, 2018"
734,6486,0.36Ξ,($97),"Aug 22, 2018"
735,6486,4.50Ξ,"($1,010)","Aug 03, 2017"
736,6486,4.50Ξ,"($1,010)","Aug 03, 2017"
737,6487,550Ξ,($1.05M),"Feb 22, 2021"
738,6487,100Ξ,"($20,857)","May 24, 2020"
739,6490,0.20Ξ,($95),"Nov 27, 2017"
740,6492,0.68Ξ,($129),"May 11, 2020"
741,6492,0.55Ξ,($78),"Jan 08, 2020"
742,6493,19.94Ξ,"($41,707)","Jul 01, 2021"
743,6493,24Ξ,"($80,633)","May 04, 2021"
744,6493,25.75Ξ,"($86,158)","May 04, 2021"
745,6493,26Ξ,"($47,377)","Mar 19, 2021"
746,6493,22Ξ,"($39,380)","Mar 15, 2021"
747,6494,0.99Ξ,($223),"Feb 09, 2020"
748,6494,0.60Ξ,($80),"Jan 04, 2020"
749,6497,0.50Ξ,($66),"Dec 31, 2019"
750,6498,43Ξ,"($80,352)","Mar 10, 2021"
751,6498,1Ξ,($130),"Jan 01, 2020"
752,6498,0.50Ξ,($82),"May 04, 2019"
753,6500,2.50Ξ,"($1,373)","Dec 11, 2020"
754,6500,0.19Ξ,($258),"Jan 14, 2018"
755,6500,0.06Ξ,($67),"Jan 07, 2018"
756,6501,25.50Ξ,"($35,675)","Feb 28, 2021"
757,6503,5Ξ,"($1,895)","Oct 13, 2020"
758,6503,2.85Ξ,"($1,008)","Sep 26, 2020"
759,6503,1.78Ξ,($665),"Sep 20, 2020"
760,6503,1.69Ξ,($637),"Sep 14, 2020"
761,6503,1Ξ,($208),"May 22, 2020"
762,6503,0.25Ξ,($46),"Nov 09, 2019"
763,6504,0.16Ξ,($218),"Jan 14, 2018"
764,6504,0.27Ξ,($72),"Jul 05, 2017"
765,6505,38Ξ,"($129,143)","May 17, 2021"
766,6505,33Ξ,"($111,223)","May 04, 2021"
767,6506,21Ξ,"($72,202)","May 04, 2021"
768,6506,17Ξ,"($25,818)","Mar 05, 2021"
769,6506,0.45Ξ,($78),"May 06, 2019"
770,6507,6.05Ξ,"($11,238)","Feb 13, 2021"
771,6508,22.50Ξ,"($74,529)","May 03, 2021"
772,6508,26.25Ξ,"($54,177)","Apr 08, 2021"
773,6508,8.75Ξ,"($15,951)","Feb 15, 2021"
774,6509,23.98Ξ,"($34,726)","Feb 27, 2021"
775,6509,18.88Ξ,"($37,249)","Feb 21, 2021"
776,6510,0.30Ξ,($66),"Jul 19, 2019"
777,6512,8.50Ξ,"($15,375)","Feb 14, 2021"
778,6514,12.88Ξ,"($47,464)","May 13, 2021"
779,6514,5.88Ξ,"($2,138)","Sep 28, 2020"
780,6514,4.85Ξ,"($1,764)","Sep 28, 2020"
781,6514,0.30Ξ,($52),"May 06, 2019"
782,6514,0.05Ξ,($30),"Jun 07, 2018"
783,6516,24.99Ξ,"($47,061)","Jul 16, 2021"
784,6516,24.99Ξ,"($46,618)","Mar 14, 2021"
785,6516,25.91Ξ,"($35,608)","Feb 28, 2021"
786,6516,23Ξ,"($37,824)","Feb 24, 2021"
787,6516,20Ξ,"($39,458)","Feb 21, 2021"
788,6516,14.85Ξ,"($28,892)","Feb 19, 2021"
789,6516,12Ξ,"($21,369)","Feb 15, 2021"
790,6516,0.25Ξ,($45),"Sep 03, 2019"
791,6518,22.99Ξ,"($55,526)","Apr 17, 2021"
792,6518,21.47Ξ,"($38,429)","Mar 21, 2021"
793,6519,8Ξ,"($10,594)","Jan 27, 2021"
794,6522,22Ξ,"($41,671)","Feb 21, 2021"
795,6522,11Ξ,"($15,757)","Feb 02, 2021"
796,6522,7.77Ξ,"($9,623)","Jan 23, 2021"
797,6522,6.50Ξ,"($4,010)","Dec 25, 2020"
798,6522,3Ξ,"($1,755)","Dec 14, 2020"
799,6522,9.10Ξ,"($3,106)","Oct 07, 2020"
800,6522,1.50Ξ,($320),"May 18, 2020"
801,6522,0.99Ξ,($134),"Jan 05, 2020"
802,6523,16.50Ξ,"($31,864)","Mar 31, 2021"
803,6523,2.80Ξ,($977),"Sep 25, 2020"
804,6523,2.40Ξ,($831),"Sep 24, 2020"
805,6523,1.99Ξ,($766),"Sep 19, 2020"
806,6523,1.70Ξ,($644),"Sep 18, 2020"
807,6523,1.88Ξ,($722),"Sep 18, 2020"
808,6523,2Ξ,($718),"Sep 13, 2020"
809,6523,0.96Ξ,($154),"Jan 23, 2020"
810,6523,0.90Ξ,($146),"Jan 23, 2020"
811,6523,0.84Ξ,($142),"Jan 17, 2020"
812,6523,0.60Ξ,($85),"Jan 07, 2020"
813,6523,0.45Ξ,($79),"Apr 07, 2019"
814,6524,0.38Ξ,($92),"Jul 07, 2017"
815,6524,0.25Ξ,($66),"Jul 05, 2017"
816,6526,26.99Ξ,"($85,542)","May 03, 2021"
817,6526,24Ξ,"($66,421)","Apr 29, 2021"
818,6527,0.05Ξ,($29),"Jun 01, 2018"
819,6528,2.50Ξ,($418),"Jan 21, 2020"
820,6528,0.40Ξ,($118),"Jun 21, 2019"
821,6529,99Ξ,"($282,873)","May 01, 2021"
822,6530,35Ξ,"($74,789)","Apr 12, 2021"
823,6531,25Ξ,"($49,323)","Feb 21, 2021"
824,6531,9Ξ,"($12,493)","Jan 30, 2021"
825,6531,5.55Ξ,"($6,943)","Jan 23, 2021"
826,6531,5.50Ξ,"($2,637)","Nov 17, 2020"
827,6531,7.99Ξ,"($2,827)","Sep 29, 2020"
828,6531,6.95Ξ,"($2,524)","Sep 28, 2020"
829,6531,0.49Ξ,($85),"May 06, 2019"
830,6531,0.28Ξ,($42),"Jan 08, 2019"
831,6531,0.10Ξ,($30),"Oct 26, 2017"
832,6532,0.05Ξ,($56),"Jan 07, 2018"
833,6532,1.50Ξ,($292),"Jul 19, 2017"
834,6533,22Ξ,"($41,789)","Jul 16, 2021"
835,6533,17Ξ,"($33,225)","Jun 23, 2021"
836,6533,16Ξ,"($38,793)","Jun 11, 2021"
837,6534,15.82Ξ,"($38,353)","Jun 17, 2021"
838,6534,15.75Ξ,"($44,455)","Jun 03, 2021"
839,6535,21.92Ξ,"($41,790)","Feb 21, 2021"
840,6535,0.90Ξ,($317),"Sep 09, 2020"
841,6536,9.99Ξ,"($18,191)","Feb 16, 2021"
842,6536,3Ξ,"($1,790)","Nov 23, 2020"
843,6536,5.90Ξ,"($2,096)","Sep 30, 2020"
844,6536,3.30Ξ,"($1,163)","Sep 27, 2020"
845,6536,0.76Ξ,($357),"Sep 01, 2020"
846,6536,1Ξ,($208),"May 22, 2020"
847,6536,0.30Ξ,($55),"Nov 02, 2019"
848,6537,35Ξ,"($81,314)","Jul 04, 2021"
849,6537,32Ξ,"($60,020)","Jun 22, 2021"
850,6538,33.50Ξ,"($72,666)","Jun 30, 2021"
851,6538,26.50Ξ,"($49,137)","Jun 25, 2021"
852,6539,16.50Ξ,"($43,304)","May 19, 2021"
853,6540,18.50Ξ,"($35,191)","Jun 22, 2021"
854,6540,17.50Ξ,"($33,345)","Jun 21, 2021"
855,6543,11.95Ξ,"($3,896)","Sep 24, 2020"
856,6543,4.70Ξ,($959),"May 26, 2020"
857,6543,0.10Ξ,($62),"Apr 22, 2018"
858,6544,28.50Ξ,"($55,684)","Feb 21, 2021"
859,6544,4.45Ξ,"($1,684)","Oct 20, 2020"
860,6544,6.25Ξ,"($2,197)","Oct 05, 2020"
861,6544,1.84Ξ,($419),"Jun 21, 2020"
862,6544,0.38Ξ,($46),"Dec 17, 2019"
863,6544,0.25Ξ,($47),"Sep 15, 2019"
864,6545,21.95Ξ,"($39,128)","Mar 17, 2021"
865,6545,23Ξ,"($41,612)","Mar 16, 2021"
866,6545,20.99Ξ,"($37,930)","Mar 16, 2021"
867,6545,13.49Ξ,"($26,121)","Feb 18, 2021"
868,6545,10.70Ξ,"($19,460)","Feb 17, 2021"
869,6545,4.90Ξ,"($8,252)","Feb 06, 2021"
870,6545,4.35Ξ,"($5,381)","Jan 27, 2021"
871,6546,22Ξ,"($89,017)","May 10, 2021"
872,6546,20Ξ,"($77,870)","May 09, 2021"
873,6546,8Ξ,"($13,783)","Feb 11, 2021"
874,6546,7.77Ξ,"($9,849)","Jan 27, 2021"
875,6546,0.39Ξ,($48),"Dec 17, 2019"
876,6546,0.25Ξ,($47),"Sep 15, 2019"
877,6548,0.49Ξ,($135),"Jul 03, 2017"
878,6548,0.03Ξ,($10),"Jun 23, 2017"
879,6549,0.20Ξ,($57),"Jun 27, 2017"
880,6550,23.49Ξ,"($83,884)","May 06, 2021"
881,6550,23.50Ξ,"($74,563)","May 03, 2021"
882,6550,19.70Ξ,"($38,490)","Feb 21, 2021"
883,6550,6.16Ξ,"($2,172)","Sep 29, 2020"
884,6550,2.90Ξ,"($1,098)","Sep 18, 2020"
885,6550,2.50Ξ,($941),"Sep 15, 2020"
886,6550,1.19Ξ,($254),"May 20, 2020"
887,6550,0.65Ξ,($159),"May 17, 2019"
888,6550,0.60Ξ,($118),"Jul 30, 2017"
889,6552,59Ξ,"($125,962)","Apr 11, 2021"
890,6552,0.05Ξ,($15),"Sep 30, 2017"
891,6553,23Ξ,"($74,980)","May 03, 2021"
892,6553,24.99Ξ,"($79,203)","May 03, 2021"
893,6553,24.99Ξ,"($43,609)","Mar 16, 2021"
894,6554,0.05Ξ,($26),"May 28, 2018"
895,6555,24.88Ξ,"($38,252)","Mar 04, 2021"
896,6555,4Ξ,"($1,433)","Sep 28, 2020"
897,6555,2.07Ξ,($801),"Sep 18, 2020"
898,6555,1.85Ξ,($696),"Sep 15, 2020"
899,6555,1.40Ξ,($527),"Sep 14, 2020"
900,6555,1.42Ξ,($525),"Sep 11, 2020"
901,6555,0.29Ξ,($82),"Aug 15, 2018"
902,6557,4.99Ξ,"($1,873)","Sep 15, 2020"
903,6557,2.95Ξ,"($1,092)","Sep 10, 2020"
904,6557,1.30Ξ,($345),"Feb 12, 2020"
905,6557,0.66Ξ,($110),"Sep 24, 2019"
906,6557,0.35Ξ,($61),"Apr 20, 2019"
907,6558,0.12Ξ,($83),"Dec 30, 2017"
908,6561,19.20Ξ,"($37,400)","Jul 16, 2021"
909,6561,18.75Ξ,"($35,704)","Jul 16, 2021"
910,6561,17.75Ξ,"($37,706)","Jun 30, 2021"
911,6562,15.60Ξ,"($42,459)","Jun 06, 2021"
912,6562,15.25Ξ,"($41,437)","Jun 02, 2021"
913,6564,0.10Ξ,($59),"May 26, 2018"
914,6567,16.30Ξ,"($38,920)","Jun 17, 2021"
915,6568,28Ξ,"($71,202)","Jun 10, 2021"
916,6568,20Ξ,"($36,569)","Feb 14, 2021"
917,6571,1.29Ξ,($275),"May 07, 2020"
918,6571,0.25Ξ,($45),"Sep 02, 2019"
919,6572,20.40Ξ,"($49,698)","Apr 15, 2021"
920,6572,0.50Ξ,($95),"Apr 23, 2020"
921,6572,0.48Ξ,($69),"Jan 07, 2020"
922,6572,0.38Ξ,($51),"Dec 30, 2019"
923,6572,0.25Ξ,($53),"Aug 12, 2019"
924,6573,20.90Ξ,"($45,164)","Apr 10, 2021"
925,6573,13.75Ξ,"($26,471)","Feb 18, 2021"
926,6573,9.49Ξ,"($17,124)","Feb 14, 2021"
927,6573,1.64Ξ,($334),"May 27, 2020"
928,6573,1.35Ξ,($276),"May 24, 2020"
929,6574,17Ξ,"($36,129)","Jun 29, 2021"
930,6575,2Ξ,($268),"Mar 25, 2019"
931,6576,6Ξ,"($4,392)","Dec 29, 2020"
932,6576,0.25Ξ,($179),"Dec 28, 2017"
933,6577,0.80Ξ,($104),"Dec 31, 2019"
934,6577,0.25Ξ,($45),"Sep 02, 2019"
935,6579,0.40Ξ,($115),"Jul 06, 2019"
936,6580,22Ξ,"($45,374)","Apr 09, 2021"
937,6580,5.27Ξ,"($3,819)","Dec 29, 2020"
938,6580,0.59Ξ,($100),"Jan 17, 2020"
939,6580,0.42Ξ,($55),"Jan 01, 2020"
940,6580,0.30Ξ,($38),"Dec 21, 2019"
941,6580,0.25Ξ,($47),"Sep 15, 2019"
942,6581,50Ξ,"($106,404)","Jun 28, 2021"
943,6581,45Ξ,"($117,822)","Jun 07, 2021"
944,6581,3Ξ,($702),"May 18, 2019"
945,6581,1.40Ξ,($289),"Jul 29, 2017"
946,6583,22Ξ,"($57,007)","May 24, 2021"
947,6583,26.50Ξ,"($50,684)","Feb 18, 2021"
948,6583,0.78Ξ,($126),"Jan 16, 2020"
949,6583,0.52Ξ,($70),"Jan 04, 2020"
950,6583,0.25Ξ,($45),"Sep 02, 2019"
951,6584,16.75Ξ,"($65,444)","May 11, 2021"
952,6584,21.98Ξ,"($64,790)","May 02, 2021"
953,6584,18Ξ,"($44,792)","Apr 15, 2021"
954,6584,15.50Ξ,"($30,371)","Apr 07, 2021"
955,6584,0.09Ξ,($45),"Apr 14, 2018"
956,6585,21Ξ,"($46,647)","Jul 03, 2021"
957,6585,4.17Ξ,"($4,787)","Jan 22, 2021"
958,6585,0.30Ξ,($56),"Nov 07, 2019"
959,6587,0.50Ξ,($123),"May 23, 2019"
960,6588,17.75Ξ,"($69,430)","May 11, 2021"
961,6588,22.99Ξ,"($67,577)","May 02, 2021"
962,6588,13Ξ,"($24,870)","Feb 18, 2021"
963,6588,5.99Ξ,"($2,076)","Oct 04, 2020"
964,6588,5.55Ξ,"($1,937)","Oct 03, 2020"
965,6588,1.30Ξ,($266),"May 24, 2020"
966,6591,21.80Ξ,"($57,442)","Apr 27, 2021"
967,6591,19.75Ξ,"($42,202)","Apr 12, 2021"
968,6592,0.75Ξ,($114),"Jan 07, 2019"
969,6592,0.48Ξ,($128),"Jul 06, 2017"
970,6593,19.99Ξ,"($45,614)","Jul 05, 2021"
971,6593,0.06Ξ,($45),"May 07, 2018"
972,6594,1.82Ξ,($374),"May 24, 2020"
973,6594,0.24Ξ,($68),"Jul 02, 2017"
974,6595,17Ξ,"($33,179)","Feb 21, 2021"
975,6595,13Ξ,"($24,728)","Feb 18, 2021"
976,6595,8.90Ξ,"($16,242)","Feb 14, 2021"
977,6596,32.99Ξ,"($66,920)","Jul 13, 2021"
978,6596,0.65Ξ,($96),"Dec 09, 2019"
979,6597,25.22Ξ,"($39,698)","Feb 25, 2021"
980,6597,0.95Ξ,($330),"Sep 06, 2020"
981,6598,33.30Ξ,"($50,895)","Feb 23, 2021"
982,6598,20Ξ,"($37,784)","Feb 18, 2021"
983,6598,8Ξ,"($3,492)","Nov 07, 2020"
984,6598,8Ξ,"($2,932)","Oct 16, 2020"
985,6600,0.05Ξ,($56),"Jan 07, 2018"
986,6601,20.80Ξ,"($44,653)","Apr 11, 2021"
987,6601,14.80Ξ,"($29,133)","Apr 07, 2021"
988,6601,24Ξ,"($43,397)","Mar 12, 2021"
989,6601,15Ξ,"($28,533)","Feb 18, 2021"
990,6601,0.52Ξ,($107),"Jul 10, 2017"
991,6602,0.05Ξ,($26),"May 28, 2018"
992,6603,0.22Ξ,($66),"Sep 10, 2017"
993,6603,0.46Ξ,($94),"Jul 13, 2017"
994,6605,2.50Ξ,($865),"Sep 24, 2020"
995,6605,1.93Ξ,($743),"Sep 18, 2020"
996,6605,0.30Ξ,($55),"Nov 03, 2019"
997,6608,1.50Ξ,($573),"Aug 27, 2020"
998,6608,1.25Ξ,($286),"Jul 02, 2020"
999,6608,0.40Ξ,($118),"Jun 21, 2019"
1000,6609,0.50Ξ,($64),"Jan 03, 2020"
1001,6609,0.25Ξ,($45),"Sep 02, 2019"
1002,6610,0.05Ξ,($29),"Jun 01, 2018"
1003,6612,8.50Ξ,"($9,400)","Jan 05, 2021"
1004,6613,29.50Ξ,"($57,873)","Feb 21, 2021"
1005,6613,13.50Ξ,"($17,628)","Jan 29, 2021"
1006,6613,11Ξ,"($14,577)","Jan 10, 2021"
1007,6613,1.80Ξ,($442),"May 23, 2019"
1008,6614,20.99Ξ,"($57,596)","Apr 30, 2021"
1009,6614,18.80Ξ,"($38,860)","Apr 08, 2021"
1010,6614,15.25Ξ,"($31,522)","Apr 08, 2021"
1011,6614,15Ξ,"($29,785)","Apr 07, 2021"
1012,6614,8.50Ξ,"($15,488)","Feb 15, 2021"
1013,6615,1.30Ξ,($248),"May 10, 2020"
1014,6615,1.20Ξ,($199),"Jan 26, 2020"
1015,6617,46Ξ,"($115,645)","Apr 27, 2021"
1016,6617,42Ξ,"($91,147)","Apr 13, 2021"
1017,6617,26Ξ,"($47,697)","Feb 15, 2021"
1018,6617,18.50Ξ,"($34,444)","Feb 13, 2021"
1019,6618,2.75Ξ,($550),"May 26, 2020"
1020,6618,1.52Ξ,($310),"May 26, 2020"
1021,6620,24.99Ξ,"($52,517)","Jul 12, 2021"
1022,6620,16.69Ξ,"($45,053)","Jun 03, 2021"
1023,6620,7.39Ξ,"($5,106)","Dec 29, 2020"
1024,6620,5.50Ξ,"($1,941)","Oct 05, 2020"
1025,6620,0.10Ξ,($60),"Jun 08, 2018"
1026,6621,27Ξ,"($45,149)","Mar 23, 2021"
1027,6621,16.66Ξ,"($30,554)","Feb 17, 2021"
1028,6621,5.70Ξ,"($2,017)","Oct 05, 2020"
1029,6621,0.10Ξ,($60),"Jun 08, 2018"
1030,6622,36Ξ,"($57,380)","Mar 24, 2021"
1031,6622,39.99Ξ,"($70,889)","Mar 17, 2021"
1032,6623,24.97Ξ,"($51,978)","Apr 09, 2021"
1033,6623,2.70Ξ,($934),"Sep 24, 2020"
1034,6623,2.50Ξ,($925),"Sep 15, 2020"
1035,6623,1.95Ξ,($735),"Sep 14, 2020"
1036,6623,0.30Ξ,($63),"Jul 17, 2019"
1037,6624,14.88Ξ,"($28,529)","Feb 20, 2021"
1038,6624,3.10Ξ,"($1,102)","Sep 27, 2020"
1039,6624,1.78Ξ,($665),"Sep 20, 2020"
1040,6624,0.30Ξ,($56),"Aug 14, 2019"
1041,6624,0.40Ξ,($118),"Jun 21, 2019"
1042,6626,7Ξ,"($2,424)","Sep 25, 2020"
1043,6626,2.75Ξ,($638),"May 30, 2020"
1044,6626,1.39Ξ,($295),"May 02, 2020"
1045,6626,0.40Ξ,($118),"Jun 21, 2019"
1046,6626,0.39Ξ,($96),"Jul 08, 2017"
1047,6629,3.25Ξ,($611),"Apr 24, 2020"
1048,6629,2.95Ξ,($407),"Jan 05, 2020"
1049,6629,1.95Ξ,($603),"Jun 22, 2019"
1050,6629,0.45Ξ,($121),"Jul 04, 2017"
1051,6630,18Ξ,"($44,187)","Jun 11, 2021"
1052,6630,15.75Ξ,"($40,521)","Jun 01, 2021"
1053,6631,35Ξ,"($66,012)","Mar 15, 2021"
1054,6631,1.33Ξ,($266),"May 04, 2020"
1055,6632,22.75Ξ,"($43,827)","Jun 21, 2021"
1056,6633,59.99Ξ,"($168,692)","May 21, 2021"
1057,6633,55Ξ,"($126,088)","Apr 14, 2021"
1058,6634,150Ξ,"($355,423)","Apr 22, 2021"
1059,6635,17.99Ξ,"($60,992)","May 17, 2021"
1060,6635,20Ξ,"($78,267)","May 10, 2021"
1061,6636,18.50Ξ,"($40,830)","Jun 29, 2021"
1062,6637,17Ξ,"($32,687)","Apr 01, 2021"
1063,6638,45Ξ,"($84,024)","Jul 17, 2021"
1064,6638,45Ξ,"($86,539)","Jul 15, 2021"
1065,6638,40Ξ,"($83,977)","Jul 02, 2021"
1066,6638,13.99Ξ,"($6,626)","Nov 18, 2020"
1067,6638,4Ξ,($833),"May 23, 2020"
1068,6638,0.90Ξ,($154),"May 09, 2019"
1069,6638,0.75Ξ,($89),"Jan 20, 2019"
1070,6638,0.28Ξ,($67),"Jul 07, 2017"
1071,6640,0.70Ξ,($172),"May 23, 2019"
1072,6641,13.50Ξ,"($53,917)","May 13, 2021"
1073,6642,7.85Ξ,"($2,812)","Sep 30, 2020"
1074,6642,3.61Ξ,"($1,301)","Sep 27, 2020"
1075,6642,0.10Ξ,($29),"Jun 27, 2017"
1076,6643,19.80Ξ,"($39,890)","Jul 12, 2021"
1077,6643,15Ξ,"($39,335)","Jun 15, 2021"
1078,6644,25.99Ξ,"($60,448)","Apr 21, 2021"
1079,6644,21.70Ξ,"($46,346)","Apr 11, 2021"
1080,6645,15.25Ξ,"($37,550)","Jun 10, 2021"
1081,6646,15.25Ξ,"($41,975)","May 27, 2021"
1082,6647,14.75Ξ,"($37,725)","Jun 01, 2021"
1083,6649,50.20Ξ,"($61,616)","Jan 23, 2021"
1084,6649,45Ξ,"($53,963)","Jan 18, 2021"
1085,6649,36Ξ,"($22,875)","Dec 26, 2020"
1086,6649,1.90Ξ,($529),"Aug 14, 2018"
1087,6650,0.30Ξ,($35),"Nov 25, 2018"
1088,6650,0.20Ξ,($39),"Jul 30, 2017"
1089,6652,16.75Ξ,"($31,013)","Jun 25, 2021"
1090,6652,14.69Ξ,"($34,462)","Jun 18, 2021"
1091,6652,14Ξ,"($35,807)","Jun 01, 2021"
1092,6653,39Ξ,"($70,746)","Mar 20, 2021"
1093,6653,24.95Ξ,"($45,237)","Mar 12, 2021"
1094,6653,20.49Ξ,"($37,144)","Mar 11, 2021"
1095,6654,18.90Ξ,"($39,053)","Apr 09, 2021"
1096,6654,2.65Ξ,($925),"Sep 25, 2020"
1097,6654,2.49Ξ,($862),"Sep 24, 2020"
1098,6654,1.99Ξ,($758),"Sep 20, 2020"
1099,6654,1.40Ξ,($526),"Sep 14, 2020"
1100,6654,1.25Ξ,($460),"Sep 11, 2020"
1101,6654,1.04Ξ,($379),"Sep 11, 2020"
1102,6654,0.80Ξ,($162),"May 22, 2020"
1103,6654,0.59Ξ,($125),"May 09, 2020"
1104,6655,2.75Ξ,($900),"Sep 24, 2020"
1105,6657,4.50Ξ,"($1,573)","Oct 08, 2020"
1106,6657,5Ξ,"($1,773)","Sep 29, 2020"
1107,6657,3.40Ξ,"($1,219)","Sep 28, 2020"
1108,6657,2.89Ξ,"($1,020)","Sep 27, 2020"
1109,6657,2.30Ξ,($796),"Sep 24, 2020"
1110,6658,24Ξ,"($46,892)","Feb 21, 2021"
1111,6658,0.55Ξ,($107),"Apr 26, 2020"
1112,6658,0.05Ξ,($27),"Jun 11, 2018"
1113,6659,22.80Ξ,"($54,948)","Apr 16, 2021"
1114,6659,22.75Ξ,"($55,183)","Apr 15, 2021"
1115,6659,21Ξ,"($47,695)","Apr 13, 2021"
1116,6659,16Ξ,"($26,974)","Mar 27, 2021"
1117,6660,23.96Ξ,"($64,060)","May 19, 2021"
1118,6660,14Ξ,"($25,839)","Feb 17, 2021"
1119,6661,50Ξ,"($89,976)","Mar 15, 2021"
1120,6661,0.10Ξ,($45),"Jul 23, 2018"
1121,6662,2.10Ξ,($717),"Sep 23, 2020"
1122,6662,2.08Ξ,($781),"Sep 15, 2020"
1123,6662,1.90Ξ,($709),"Sep 14, 2020"
1124,6662,1.66Ξ,($625),"Sep 14, 2020"
1125,6662,1.25Ξ,($459),"Sep 11, 2020"
1126,6662,0.40Ξ,($118),"Jun 21, 2019"
1127,6664,0.99Ξ,($200),"May 14, 2020"
1128,6664,0.40Ξ,($118),"Jun 21, 2019"
1129,6665,18Ξ,"($31,480)","Jun 26, 2021"
1130,6665,1.49Ξ,($316),"May 09, 2020"
1131,6665,1.49Ξ,($329),"Feb 07, 2020"
1132,6665,0.12Ξ,($45),"Apr 04, 2018"
1133,6666,92Ξ,"($187,007)","Jul 13, 2021"
1134,6666,79.99Ξ,"($122,710)","Feb 02, 2021"
1135,6666,0.75Ξ,($567),"Jan 01, 2018"
1136,6669,30.03Ξ,"($64,502)","Apr 12, 2021"
1137,6669,22.22Ξ,"($47,106)","Apr 05, 2021"
1138,6669,29.50Ξ,"($53,342)","Mar 12, 2021"
1139,6669,28Ξ,"($45,330)","Mar 03, 2021"
1140,6669,29Ξ,"($38,232)","Feb 28, 2021"
1141,6669,23.95Ξ,"($46,621)","Feb 21, 2021"
1142,6671,2.19Ξ,($834),"Sep 20, 2020"
1143,6671,0.10Ξ,($54),"Mar 18, 2018"
1144,6672,29.97Ξ,"($53,423)","Mar 21, 2021"
1145,6672,24.90Ξ,"($39,631)","Feb 25, 2021"
1146,6672,23Ξ,"($37,713)","Feb 24, 2021"
1147,6672,18.45Ξ,"($36,092)","Feb 19, 2021"
1148,6672,14Ξ,"($25,762)","Feb 17, 2021"
1149,6672,7.44Ξ,"($13,520)","Feb 13, 2021"
1150,6672,5.85Ξ,"($2,062)","Sep 29, 2020"
1151,6672,3Ξ,"($1,056)","Sep 27, 2020"
1152,6672,0.24Ξ,($53),"Oct 04, 2018"
1153,6672,0.15Ξ,($59),"Mar 31, 2018"
1154,6673,0.05Ξ,($15),"Sep 29, 2017"
1155,6674,68Ξ,"($130,418)","Apr 01, 2021"
1156,6675,0.17Ξ,($52),"Aug 13, 2017"
1157,6676,17.50Ξ,"($29,145)","Mar 07, 2021"
1158,6676,0.84Ξ,($136),"Jan 16, 2020"
1159,6676,0.35Ξ,($74),"Aug 09, 2019"
1160,6676,0.40Ξ,($118),"Jun 21, 2019"
1161,6678,35Ξ,"($63,565)","Mar 12, 2021"
1162,6678,1Ξ,($145),"Jan 07, 2020"
1163,6678,0.40Ξ,($118),"Jun 21, 2019"
1164,6680,0.60Ξ,($75),"Dec 26, 2019"
1165,6680,0.40Ξ,($118),"Jun 21, 2019"
1166,6682,19.98Ξ,"($42,629)","Apr 10, 2021"
1167,6682,0.37Ξ,($56),"Dec 08, 2019"
1168,6682,0.35Ξ,($53),"Nov 23, 2019"
1169,6682,0.40Ξ,($118),"Jun 21, 2019"
1170,6683,2.89Ξ,"($1,030)","Sep 25, 2020"
1171,6683,2.30Ξ,($796),"Sep 24, 2020"
1172,6685,4.99Ξ,"($1,756)","Oct 05, 2020"
1173,6685,4.10Ξ,"($1,446)","Oct 04, 2020"
1174,6685,0.05Ξ,($30),"Jun 08, 2018"
1175,6686,18.88Ξ,"($39,635)","Jul 08, 2021"
1176,6686,2.50Ξ,($854),"Sep 23, 2020"
1177,6686,1.99Ξ,($680),"Sep 22, 2020"
1178,6686,1.25Ξ,($458),"Sep 11, 2020"
1179,6686,0.40Ξ,($118),"Jun 21, 2019"
1180,6687,0.30Ξ,($86),"Jun 27, 2017"
1181,6691,19.69Ξ,"($37,866)","Jul 15, 2021"
1182,6691,17Ξ,"($40,158)","Jun 13, 2021"
1183,6691,19.98Ξ,"($33,191)","Mar 07, 2021"
1184,6691,5.45Ξ,"($1,893)","Oct 03, 2020"
1185,6691,4.44Ξ,"($1,595)","Sep 28, 2020"
1186,6691,1.08Ξ,($392),"Sep 10, 2020"
1187,6691,0.45Ξ,($76),"May 03, 2019"
1188,6692,0.20Ξ,($38),"Oct 11, 2018"
1189,6692,0.29Ξ,($65),"Jul 24, 2017"
1190,6695,9.90Ξ,"($17,991)","Feb 13, 2021"
1191,6695,0.28Ξ,($72),"Sep 21, 2017"
1192,6696,0.38Ξ,($92),"Jul 07, 2017"
1193,6697,18.40Ξ,"($37,292)","Apr 05, 2021"
1194,6697,16.95Ξ,"($32,906)","Feb 21, 2021"
1195,6699,7.50Ξ,"($10,385)","Jan 25, 2021"
1196,6699,1Ξ,($138),"Jan 10, 2020"
1197,6699,0.40Ξ,($118),"Jun 21, 2019"
1198,6700,0.10Ξ,($70),"Apr 24, 2018"
1199,6704,380Ξ,"($785,468)","Apr 08, 2021"
1200,6704,35Ξ,"($15,878)","Nov 16, 2020"
1201,6704,5Ξ,"($1,127)","Oct 02, 2018"
1202,6705,4.90Ξ,"($1,834)","Oct 12, 2020"
1203,6705,5.15Ξ,"($1,782)","Oct 03, 2020"
1204,6705,1.25Ξ,($458),"Sep 11, 2020"
1205,6705,1.30Ξ,($474),"Sep 11, 2020"
1206,6705,1.20Ξ,($274),"Jun 22, 2020"
1207,6706,30.50Ξ,"($57,577)","Jul 17, 2021"
1208,6706,23.99Ξ,"($60,471)","Jun 10, 2021"
1209,6706,30Ξ,"($58,000)","May 23, 2021"
1210,6706,35Ξ,"($129,582)","May 15, 2021"
1211,6706,0.35Ξ,($448),"Jan 15, 2018"
1212,6707,58Ξ,"($105,488)","Mar 19, 2021"
1213,6708,29.99Ξ,"($48,609)","Mar 26, 2021"
1214,6708,28.99Ξ,"($50,620)","Mar 22, 2021"
1215,6709,23Ξ,"($56,533)","Apr 26, 2021"
1216,6710,5.70Ξ,"($6,739)","Jan 14, 2021"
1217,6710,5.46Ξ,"($3,982)","Dec 29, 2020"
1218,6710,4.80Ξ,"($1,717)","Sep 28, 2020"
1219,6710,2.24Ξ,($736),"Sep 24, 2020"
1220,6710,0.35Ξ,($67),"Jul 11, 2017"
1221,6711,0.75Ξ,($68),"Dec 06, 2018"
1222,6711,0.35Ξ,($94),"Jul 04, 2017"
1223,6712,20.20Ξ,"($39,628)","Feb 21, 2021"
1224,6713,25Ξ,"($41,535)","Mar 07, 2021"
1225,6713,22Ξ,"($29,934)","Feb 28, 2021"
1226,6716,39.95Ξ,"($95,177)","Apr 21, 2021"
1227,6716,21Ξ,"($35,566)","Mar 29, 2021"
1228,6716,19Ξ,"($32,483)","Mar 28, 2021"
1229,6717,0.10Ξ,($73),"Mar 09, 2018"
1230,6718,22.49Ξ,"($46,487)","Apr 08, 2021"
1231,6718,20Ξ,"($32,695)","Mar 26, 2021"
1232,6718,0.10Ξ,($47),"Dec 04, 2017"
1233,6720,110Ξ,"($220,685)","Apr 08, 2021"
1234,6720,74Ξ,"($141,081)","Feb 21, 2021"
1235,6720,39Ξ,"($55,176)","Feb 02, 2021"
1236,6721,150Ξ,"($394,972)","Apr 27, 2021"
1237,6721,0.61Ξ,($116),"Jul 17, 2017"
1238,6724,2.18Ξ,($747),"Sep 22, 2020"
1239,6724,1.78Ξ,($678),"Sep 20, 2020"
1240,6724,0.26Ξ,($40),"Nov 23, 2019"
1241,6724,0.25Ξ,($38),"Nov 23, 2019"
1242,6726,0.05Ξ,($16),"Jun 28, 2017"
1243,6727,44Ξ,"($93,616)","Apr 19, 2021"
1244,6727,30Ξ,"($50,863)","Mar 27, 2021"
1245,6728,29.50Ξ,"($67,325)","Apr 13, 2021"
1246,6728,24.63Ξ,"($52,903)","Apr 12, 2021"
1247,6728,23Ξ,"($38,606)","Mar 27, 2021"
1248,6728,9.55Ξ,"($15,934)","Feb 04, 2021"
1249,6728,0.75Ξ,($100),"Jan 04, 2020"
1250,6728,0.68Ξ,($164),"Jul 07, 2017"
1251,6730,11Ξ,"($20,180)","Feb 15, 2021"
1252,6730,0.29Ξ,($67),"Jul 22, 2017"
1253,6734,19.90Ξ,"($75,202)","May 15, 2021"
1254,6734,25.75Ξ,"($86,512)","May 04, 2021"
1255,6735,23Ξ,"($65,416)","May 01, 2021"
1256,6735,6Ξ,"($2,189)","Sep 28, 2020"
1257,6735,1.95Ξ,($392),"May 26, 2020"
1258,6735,1.35Ξ,($281),"May 22, 2020"
1259,6737,33.99Ξ,"($71,589)","Apr 12, 2021"
1260,6738,0.25Ξ,($46),"Oct 30, 2019"
1261,6740,1.15Ξ,($870),"Jan 01, 2018"
1262,6743,0.35Ξ,($52),"Feb 22, 2019"
1263,6744,14.70Ξ,"($28,300)","Feb 18, 2021"
1264,6744,7.60Ξ,"($13,116)","Feb 10, 2021"
1265,6745,16Ξ,"($42,285)","May 31, 2021"
1266,6745,22.95Ξ,"($67,460)","May 02, 2021"
1267,6745,21Ξ,"($45,465)","Apr 13, 2021"
1268,6747,42.50Ξ,"($76,392)","Mar 18, 2021"
1269,6748,<0.01Ξ,($<0.01),"Jun 10, 2021"
1270,6748,23.50Ξ,"($80,962)","May 06, 2021"
1271,6749,19.99Ξ,"($36,143)","Jun 25, 2021"
1272,6749,22.49Ξ,"($40,456)","Mar 19, 2021"
1273,6749,0.40Ξ,($59),"Dec 09, 2019"
1274,6749,0.25Ξ,($47),"Nov 04, 2019"
1275,6750,15.99Ξ,"($31,547)","Feb 21, 2021"
1276,6750,4Ξ,"($5,089)","Jan 16, 2021"
1277,6751,15.40Ξ,"($27,219)","Feb 17, 2021"
1278,6752,8.25Ξ,"($3,117)","Oct 15, 2020"
1279,6752,7.50Ξ,"($2,653)","Oct 05, 2020"
1280,6752,6.50Ξ,"($2,289)","Oct 04, 2020"
1281,6752,0.10Ξ,($60),"Jun 08, 2018"
1282,6755,13.97Ξ,"($38,835)","Jun 05, 2021"
1283,6755,13.54Ξ,"($25,647)","Feb 21, 2021"
1284,6755,2.90Ξ,"($1,031)","Sep 26, 2020"
1285,6755,2.75Ξ,($937),"Sep 25, 2020"
1286,6755,2.29Ξ,($792),"Sep 24, 2020"
1287,6755,2.19Ξ,($757),"Sep 24, 2020"
1288,6755,1.80Ξ,($613),"Sep 22, 2020"
1289,6756,9.99Ξ,"($12,470)","Jan 22, 2021"
1290,6757,21.99Ξ,"($40,120)","Mar 12, 2021"
1291,6758,27.99Ξ,"($49,959)","Mar 12, 2021"
1292,6760,0.20Ξ,($57),"Jul 02, 2017"
1293,6762,16.25Ξ,"($32,061)","Feb 20, 2021"
1294,6762,13.49Ξ,"($26,533)","Feb 19, 2021"
1295,6762,1.50Ξ,($562),"Sep 12, 2020"
1296,6762,1.25Ξ,($458),"Sep 11, 2020"
1297,6762,0.99Ξ,($198),"May 15, 2020"
1298,6762,0.42Ξ,($55),"Jan 01, 2020"
1299,6762,0.31Ξ,($38),"Dec 17, 2019"
1300,6762,0.25Ξ,($47),"Sep 15, 2019"
1301,6765,21.45Ξ,"($71,689)","May 03, 2021"
1302,6767,22.99Ξ,"($47,767)","Apr 08, 2021"
1303,6767,19.75Ξ,"($40,824)","Apr 08, 2021"
1304,6768,0.39Ξ,($80),"Jul 10, 2017"
1305,6768,0.20Ξ,($59),"Jun 29, 2017"
1306,6769,0.35Ξ,($83),"Jul 09, 2017"
1307,6770,0.21Ξ,($57),"Jul 04, 2017"
1308,6771,11Ξ,"($3,894)","Oct 06, 2020"
1309,6771,0.35Ξ,($122),"Aug 28, 2017"
1310,6772,17.93Ξ,"($41,352)","Jul 06, 2021"
1311,6772,14.75Ξ,"($29,130)","Jun 28, 2021"
1312,6775,21.90Ξ,"($47,120)","Jul 09, 2021"
1313,6775,0.18Ξ,($18),"Dec 05, 2018"
1314,6775,0.13Ξ,($39),"Oct 12, 2017"
1315,6778,28.88Ξ,"($78,810)","Apr 28, 2021"
1316,6778,26.67Ξ,"($55,127)","Apr 08, 2021"
1317,6778,29.99Ξ,"($52,135)","Mar 12, 2021"
1318,6779,49Ξ,"($88,386)","Mar 21, 2021"
1319,6779,44Ξ,"($79,989)","Mar 12, 2021"
1320,6779,42Ξ,"($82,060)","Feb 21, 2021"
1321,6779,15Ξ,"($6,128)","Oct 26, 2020"
1322,6780,0.48Ξ,($116),"Jul 07, 2017"
1323,6782,15.88Ξ,"($30,487)","Feb 19, 2021"
1324,6782,4.80Ξ,"($1,690)","Oct 02, 2020"
1325,6782,3.20Ξ,"($1,135)","Sep 27, 2020"
1326,6782,2.30Ξ,($796),"Sep 24, 2020"
1327,6784,130Ξ,"($224,930)","Feb 11, 2021"
1328,6786,1.50Ξ,($198),"Mar 14, 2020"
1329,6786,1.86Ξ,($303),"Jan 26, 2020"
1330,6786,1.80Ξ,($303),"Jan 18, 2020"
1331,6786,0.95Ξ,($138),"Jan 08, 2020"
1332,6786,0.55Ξ,($71),"Jan 02, 2020"
1333,6786,0.25Ξ,($45),"Sep 02, 2019"
1334,6787,3.45Ξ,"($1,239)","Sep 28, 2020"
1335,6787,2.65Ξ,($931),"Sep 24, 2020"
1336,6787,2.49Ξ,($862),"Sep 24, 2020"
1337,6787,1.90Ξ,($711),"Sep 15, 2020"
1338,6787,1.40Ξ,($511),"Sep 14, 2020"
1339,6788,24.37Ξ,"($52,342)","Jul 09, 2021"
1340,6788,29Ξ,"($45,378)","Feb 23, 2021"
1341,6788,23.60Ξ,"($46,110)","Feb 21, 2021"
1342,6788,5.75Ξ,"($7,288)","Jan 27, 2021"
1343,6788,5Ξ,"($6,199)","Jan 23, 2021"
1344,6788,4.75Ξ,"($5,570)","Jan 16, 2021"
1345,6788,7.65Ξ,"($9,133)","Jan 07, 2021"
1346,6788,0.43Ξ,($75),"May 06, 2019"
1347,6790,1.80Ξ,($663),"Sep 21, 2020"
1348,6793,78Ξ,"($141,398)","Mar 11, 2021"
1349,6793,60Ξ,"($106,195)","Mar 10, 2021"
1350,6793,70Ξ,"($115,809)","Mar 07, 2021"
1351,6793,31Ξ,"($43,858)","Feb 02, 2021"
1352,6795,15Ξ,"($5,429)","Sep 28, 2020"
1353,6795,0.30Ξ,($100),"Aug 26, 2017"
1354,6800,0.05Ξ,($19),"Apr 04, 2018"
1355,6802,25.99Ξ,"($57,916)","Apr 24, 2021"
1356,6802,24Ξ,"($57,886)","Apr 14, 2021"
1357,6802,25Ξ,"($43,653)","Mar 22, 2021"
1358,6803,29.92Ξ,"($72,067)","Apr 21, 2021"
1359,6803,19Ξ,"($30,194)","Feb 24, 2021"
1360,6803,9.99Ξ,"($17,667)","Feb 17, 2021"
1361,6803,2.45Ξ,($848),"Sep 24, 2020"
1362,6803,2.19Ξ,($757),"Sep 24, 2020"
1363,6803,1.80Ξ,($613),"Sep 22, 2020"
1364,6804,4.70Ξ,"($1,759)","Oct 12, 2020"
1365,6804,4.99Ξ,"($1,730)","Oct 06, 2020"
1366,6804,5.99Ξ,"($2,086)","Oct 03, 2020"
1367,6804,5.85Ξ,"($2,032)","Oct 03, 2020"
1368,6804,4.99Ξ,"($1,814)","Sep 28, 2020"
1369,6804,3.99Ξ,"($1,427)","Sep 28, 2020"
1370,6804,3.80Ξ,"($1,355)","Sep 28, 2020"
1371,6804,3Ξ,"($1,054)","Sep 24, 2020"
1372,6806,20Ξ,"($39,458)","Feb 21, 2021"
1373,6807,34Ξ,"($64,870)","May 23, 2021"
1374,6807,46.50Ξ,"($181,817)","May 09, 2021"
1375,6807,45Ξ,"($109,908)","Apr 22, 2021"
1376,6807,34.99Ξ,"($69,032)","Feb 21, 2021"
1377,6807,24Ξ,"($43,526)","Feb 17, 2021"
1378,6807,8.39Ξ,"($2,966)","Sep 06, 2020"
1379,6807,2.50Ξ,($468),"Apr 25, 2020"
1380,6808,33.50Ξ,"($61,441)","Mar 18, 2021"
1381,6808,9Ξ,"($16,355)","Feb 14, 2021"
1382,6809,3.99Ξ,"($1,379)","Sep 21, 2020"
1383,6809,6.50Ξ,"($2,447)","Sep 15, 2020"
1384,6809,0.75Ξ,($201),"Jun 16, 2019"
1385,6809,0.25Ξ,($51),"Jul 26, 2017"
1386,6810,16Ξ,"($34,114)","Apr 06, 2021"
1387,6811,20Ξ,"($31,810)","Mar 25, 2021"
1388,6811,0.10Ξ,($47),"Dec 04, 2017"
1389,6816,10.25Ξ,"($13,817)","Jan 10, 2021"
1390,6816,10Ξ,"($3,579)","Sep 28, 2020"
1391,6818,3.50Ξ,"($2,045)","Dec 14, 2020"
1392,6818,6.10Ξ,"($2,307)","Oct 15, 2020"
1393,6818,0.89Ξ,($180),"May 17, 2020"
1394,6818,0.40Ξ,($84),"Aug 09, 2019"
1395,6819,55Ξ,"($100,062)","Mar 17, 2021"
1396,6819,0.25Ξ,($203),"Dec 19, 2017"
1397,6821,5.99Ξ,"($6,466)","Jan 12, 2021"
1398,6824,4.98Ξ,"($5,376)","Jan 12, 2021"
1399,6824,1.15Ξ,($232),"May 22, 2020"
1400,6825,17.75Ξ,"($39,448)","Jul 05, 2021"
1401,6825,15Ξ,"($39,929)","May 25, 2021"
1402,6825,13.25Ξ,"($50,582)","May 13, 2021"
1403,6826,23Ξ,"($48,598)","Jul 10, 2021"
1404,6826,22Ξ,"($51,218)","Apr 23, 2021"
1405,6826,25Ξ,"($56,780)","Apr 13, 2021"
1406,6826,19.99Ξ,"($36,807)","Mar 30, 2021"
1407,6828,5.69Ξ,"($8,727)","Feb 03, 2021"
1408,6829,25Ξ,"($53,292)","Jul 10, 2021"
1409,6829,11Ξ,"($19,985)","Feb 13, 2021"
1410,6830,19.94Ξ,"($69,011)","May 07, 2021"
1411,6830,21.99Ξ,"($64,819)","May 02, 2021"
1412,6830,20.02Ξ,"($32,898)","Mar 07, 2021"
1413,6831,1.42Ξ,($334),"Jun 22, 2020"
1414,6831,0.25Ξ,($45),"Sep 02, 2019"
1415,6832,19.50Ξ,"($38,099)","Feb 21, 2021"
1416,6832,14.90Ξ,"($27,327)","Feb 17, 2021"
1417,6833,20.50Ξ,"($71,454)","May 06, 2021"
1418,6834,19.50Ξ,"($34,537)","Mar 11, 2021"
1419,6834,9.99Ξ,"($17,125)","Feb 08, 2021"
1420,6834,8.25Ξ,"($13,710)","Feb 04, 2021"
1421,6834,5Ξ,"($2,072)","Oct 22, 2020"
1422,6834,7.15Ξ,"($2,558)","Sep 28, 2020"
1423,6834,0.50Ξ,($87),"May 06, 2019"
1424,6837,22Ξ,"($42,948)","Feb 21, 2021"
1425,6837,13.52Ξ,"($26,302)","Feb 19, 2021"
1426,6837,8.75Ξ,"($16,090)","Feb 14, 2021"
1427,6837,0.57Ξ,($80),"Jan 09, 2020"
1428,6837,0.55Ξ,($76),"Jan 08, 2020"
1429,6837,0.30Ξ,($47),"Jan 04, 2019"
1430,6838,32Ξ,"($128,816)","May 14, 2021"
1431,6839,33.33Ξ,"($65,757)","Feb 21, 2021"
1432,6842,0.15Ξ,($44),"Jun 29, 2017"
1433,6843,21.50Ξ,"($74,689)","May 04, 2021"
1434,6843,5.89Ξ,"($8,334)","Jan 25, 2021"
1435,6844,68.44Ξ,"($142,877)","Apr 20, 2021"
1436,6844,55Ξ,"($97,440)","Mar 18, 2021"
1437,6845,18.90Ξ,"($39,955)","Jul 11, 2021"
1438,6848,1.07Ξ,($430),"Aug 29, 2020"
1439,6849,3.40Ξ,"($1,117)","Sep 24, 2020"
1440,6849,1.20Ξ,($246),"May 25, 2020"
1441,6850,22Ξ,"($39,291)","Mar 15, 2021"
1442,6850,17.85Ξ,"($31,752)","Mar 11, 2021"
1443,6855,27.50Ξ,"($68,302)","Apr 17, 2021"
1444,6861,20Ξ,"($34,697)","Feb 16, 2021"
1445,6863,28.50Ξ,"($49,158)","Mar 16, 2021"
1446,6863,20.99Ξ,"($36,530)","Mar 08, 2021"
1447,6863,19Ξ,"($33,087)","Mar 08, 2021"
1448,6863,12.49Ξ,"($22,660)","Feb 10, 2021"
1449,6863,5.90Ξ,"($7,156)","Jan 07, 2021"
1450,6863,3Ξ,($617),"May 27, 2020"
1451,6863,0.90Ξ,($236),"Feb 20, 2020"
1452,6863,0.95Ξ,($135),"Jan 06, 2020"
1453,6868,3.49Ξ,"($1,351)","Sep 18, 2020"
1454,6868,0.68Ξ,($124),"Apr 19, 2020"
1455,6869,47.50Ξ,"($114,488)","Jun 16, 2021"
1456,6869,42Ξ,"($118,862)","May 26, 2021"
1457,6869,1Ξ,($396),"Oct 21, 2020"
1458,6871,50Ξ,"($89,041)","Mar 17, 2021"
1459,6871,45.54Ξ,"($89,846)","Feb 21, 2021"
1460,6873,6.99Ξ,"($9,531)","Jan 26, 2021"
1461,6873,5Ξ,"($6,144)","Jan 22, 2021"
1462,6875,35Ξ,"($67,214)","Feb 19, 2021"
1463,6875,33Ξ,"($57,168)","Feb 15, 2021"
1464,6876,4Ξ,"($4,695)","Jan 17, 2021"
1465,6877,25Ξ,"($53,058)","Apr 11, 2021"
1466,6877,21Ξ,"($37,205)","Mar 22, 2021"
1467,6877,24.50Ξ,"($37,281)","Mar 01, 2021"
1468,6878,22.21Ξ,"($67,188)","May 03, 2021"
1469,6878,19.69Ξ,"($40,638)","Apr 08, 2021"
1470,6878,18.50Ξ,"($30,832)","Mar 26, 2021"
1471,6878,18.50Ξ,"($33,650)","Mar 09, 2021"
1472,6878,22.99Ξ,"($36,106)","Mar 02, 2021"
1473,6879,23.50Ξ,"($51,000)","Jul 09, 2021"
1474,6879,28Ξ,"($73,383)","Apr 22, 2021"
1475,6879,22.50Ξ,"($38,340)","Mar 28, 2021"
1476,6880,28.90Ξ,"($47,695)","Feb 24, 2021"
1477,6880,11Ξ,"($19,790)","Feb 16, 2021"
1478,6883,21Ξ,"($32,198)","Feb 25, 2021"
1479,6883,15Ξ,"($28,759)","Feb 21, 2021"
1480,6884,0.09Ξ,($41),"Dec 05, 2017"
1481,6886,1.75Ξ,($678),"Sep 13, 2020"
1482,6886,0.70Ξ,($130),"Apr 24, 2020"
1483,6886,0.70Ξ,($113),"Jan 16, 2020"
1484,6886,0.55Ξ,($79),"Jan 07, 2020"
1485,6886,0.25Ξ,($45),"Sep 02, 2019"
1486,6888,20.50Ξ,"($80,156)","May 09, 2021"
1487,6888,27.91Ξ,"($91,784)","May 04, 2021"
1488,6888,24Ξ,"($61,705)","Apr 27, 2021"
1489,6891,34Ξ,"($54,639)","Mar 03, 2021"
1490,6891,24Ξ,"($47,350)","Feb 21, 2021"
1491,6891,16Ξ,"($28,927)","Feb 15, 2021"
1492,6892,1.62Ξ,($628),"Sep 13, 2020"
1493,6892,1.29Ξ,($473),"Sep 10, 2020"
1494,6892,0.50Ξ,($85),"May 09, 2019"
1495,6896,27.99Ξ,"($60,012)","Apr 12, 2021"
1496,6897,26.49Ξ,"($45,288)","Mar 28, 2021"
1497,6900,1.45Ξ,($274),"Feb 03, 2020"
1498,6900,0.06Ξ,($32),"Apr 18, 2018"
1499,6901,15.30Ξ,"($36,174)","May 30, 2021"
1500,6901,2.50Ξ,($961),"Sep 20, 2020"
1501,6904,3Ξ,"($1,100)","Sep 14, 2020"
1502,6904,1.95Ξ,($400),"May 28, 2020"
1503,6904,1Ξ,($200),"May 15, 2020"
1504,6904,0.25Ξ,($45),"Sep 02, 2019"
1505,6908,0.10Ξ,($42),"Aug 03, 2018"
1506,6909,0.29Ξ,($70),"Jul 07, 2017"
1507,6909,0.21Ξ,($60),"Jul 02, 2017"
1508,6910,26.99Ξ,"($73,676)","Apr 28, 2021"
1509,6913,18.47Ξ,"($38,094)","Jul 09, 2021"
1510,6913,17.63Ξ,"($40,689)","Jul 06, 2021"
1511,6913,15.97Ξ,"($37,090)","Jun 17, 2021"
1512,6913,14.50Ξ,"($36,478)","May 24, 2021"
1513,6915,3.50Ξ,"($2,447)","Dec 13, 2017"
1514,6918,6Ξ,"($9,671)","Feb 05, 2021"
1515,6920,0.72Ξ,($141),"May 16, 2020"
1516,6921,0.95Ξ,($248),"May 19, 2019"
1517,6921,0.45Ξ,($65),"Mar 29, 2019"
1518,6922,2.10Ξ,($778),"Sep 11, 2020"
1519,6922,0.80Ξ,($212),"Jun 18, 2019"
1520,6924,0.45Ξ,($526),"Jan 29, 2018"
1521,6925,16.48Ξ,"($41,615)","Jun 16, 2021"
1522,6926,42.69Ξ,"($85,071)","Apr 08, 2021"
1523,6926,37.10Ξ,"($62,632)","Mar 28, 2021"
1524,6926,0.70Ξ,($119),"Apr 21, 2019"
1525,6927,0.10Ξ,($29),"Aug 16, 2018"
1526,6927,0.18Ξ,($50),"Jul 03, 2017"
1527,6928,25.75Ξ,"($90,627)","May 07, 2021"
1528,6928,19.99Ξ,"($33,747)","Mar 28, 2021"
1529,6928,20Ξ,"($33,717)","Mar 27, 2021"
1530,6931,5Ξ,"($1,844)","Oct 16, 2020"
1531,6931,4.79Ξ,"($1,714)","Sep 28, 2020"
1532,6931,2.30Ξ,($779),"Sep 24, 2020"
1533,6931,1.95Ξ,($735),"Sep 14, 2020"
1534,6931,1.83Ξ,($689),"Sep 14, 2020"
1535,6931,1.49Ξ,($355),"Jun 13, 2020"
1536,6931,1.20Ξ,($282),"May 31, 2020"
1537,6931,1.25Ξ,($257),"May 24, 2020"
1538,6932,50Ξ,"($101,634)","Jul 13, 2021"
1539,6932,40Ξ,"($14,604)","Sep 28, 2020"
1540,6933,16Ξ,"($29,764)","Jun 27, 2021"
1541,6933,13Ξ,"($46,910)","May 13, 2021"
1542,6934,0.99Ξ,($194),"Apr 28, 2020"
1543,6934,0.09Ξ,($29),"Jun 23, 2017"
1544,6936,5.25Ξ,"($3,417)","Dec 26, 2020"
1545,6936,3.85Ξ,"($2,325)","Dec 22, 2020"
1546,6936,4.85Ξ,"($1,856)","Oct 31, 2020"
1547,6936,5Ξ,"($2,067)","Oct 24, 2020"
1548,6936,5.75Ξ,"($2,142)","Oct 11, 2020"
1549,6936,5.90Ξ,"($2,042)","Oct 04, 2020"
1550,6936,5Ξ,"($1,788)","Sep 28, 2020"
1551,6936,3.95Ξ,"($1,390)","Sep 27, 2020"
1552,6936,2.95Ξ,"($1,021)","Sep 24, 2020"
1553,6936,1.20Ξ,($469),"Aug 28, 2020"
1554,6936,0.70Ξ,($94),"Jan 04, 2020"
1555,6937,29Ξ,"($84,838)","May 01, 2021"
1556,6939,0.29Ξ,($74),"Sep 17, 2017"
1557,6940,5Ξ,"($1,819)","Sep 13, 2020"
1558,6940,0.28Ξ,($127),"Dec 05, 2017"
1559,6943,82.99Ξ,"($152,007)","Mar 18, 2021"
1560,6945,21.50Ξ,"($41,383)","Jul 15, 2021"
1561,6945,19Ξ,"($37,255)","Feb 21, 2021"
1562,6946,21Ξ,"($52,967)","Apr 16, 2021"
1563,6946,8.94Ξ,"($16,182)","Feb 14, 2021"
1564,6948,23.75Ξ,"($55,292)","Apr 23, 2021"
1565,6948,0.23Ξ,($53),"Jul 23, 2017"
1566,6951,21.21Ξ,"($35,761)","Mar 23, 2021"
1567,6951,2.50Ξ,($873),"Sep 25, 2020"
1568,6951,1.31Ξ,($263),"May 26, 2020"
1569,6951,1.09Ξ,($225),"May 24, 2020"
1570,6951,0.58Ξ,($116),"May 14, 2020"
1571,6952,8Ξ,"($8,401)","Jan 13, 2021"
1572,6952,4Ξ,"($2,939)","Dec 31, 2020"
1573,6953,19.45Ξ,"($40,727)","Jul 11, 2021"
1574,6953,19.80Ξ,"($47,060)","Apr 17, 2021"
1575,6953,19.50Ξ,"($40,652)","Apr 09, 2021"
1576,6953,2.75Ξ,($960),"Sep 25, 2020"
1577,6953,2.30Ξ,($796),"Sep 24, 2020"
1578,6956,8.50Ξ,"($14,844)","Feb 17, 2021"
1579,6956,7.50Ξ,"($13,492)","Feb 16, 2021"
1580,6956,0.20Ξ,($48),"Sep 22, 2018"
1581,6956,0.09Ξ,($41),"Dec 05, 2017"
1582,6962,12Ξ,"($22,014)","Feb 15, 2021"
1583,6963,32Ξ,"($67,212)","Apr 05, 2021"
1584,6963,29Ξ,"($52,720)","Mar 12, 2021"
1585,6965,800Ξ,($1.54M),"Feb 19, 2021"
1586,6965,4Ξ,"($3,025)","Jan 01, 2018"
1587,6965,7.90Ξ,"($2,125)","Jul 04, 2017"
1588,6965,4Ξ,"($1,106)","Jul 03, 2017"
1589,6966,0.25Ξ,($164),"Dec 22, 2017"
1590,6969,1Ξ,($203),"May 22, 2020"
1591,6971,46Ξ,"($124,469)","May 26, 2021"
1592,6971,65Ξ,"($215,305)","May 03, 2021"
1593,6974,1Ξ,($206),"Aug 10, 2019"
1594,6975,26Ξ,"($44,972)","Mar 24, 2021"
1595,6975,25.80Ξ,"($44,780)","Mar 08, 2021"
1596,6975,5.80Ξ,"($9,913)","Feb 05, 2021"
1597,6975,5.20Ξ,"($1,966)","Oct 15, 2020"
1598,6975,4.99Ξ,"($1,765)","Sep 27, 2020"
1599,6975,2.75Ξ,($656),"Jun 01, 2020"
1600,6975,0.84Ξ,($138),"Jan 16, 2020"
1601,6975,0.75Ξ,($123),"Jan 16, 2020"
1602,6976,6.50Ξ,"($2,259)","Oct 02, 2020"
1603,6976,1Ξ,($400),"Aug 06, 2020"
1604,6976,1Ξ,($191),"May 10, 2020"
1605,6978,58Ξ,"($124,512)","Apr 11, 2021"
1606,6978,24Ξ,"($45,652)","Feb 18, 2021"
1607,6979,45Ξ,"($72,235)","Mar 25, 2021"
1608,6979,10Ξ,"($17,146)","Feb 06, 2021"
1609,6982,5.99Ξ,"($7,419)","Jan 23, 2021"
1610,6982,0.25Ξ,($44),"Sep 27, 2019"
1611,6984,0.05Ξ,($28),"May 30, 2018"
1612,6985,0.09Ξ,($42),"Dec 04, 2017"
1613,6986,24Ξ,"($66,795)","Apr 29, 2021"
1614,6987,45.99Ξ,"($83,818)","Mar 18, 2021"
1615,6989,18.50Ξ,"($43,829)","Jul 04, 2021"
1616,6989,17.35Ξ,"($38,595)","Jun 30, 2021"
1617,6989,16.10Ξ,"($34,133)","Jun 30, 2021"
1618,6989,24.88Ξ,"($36,562)","Feb 27, 2021"
1619,6989,14.50Ξ,"($29,083)","Feb 20, 2021"
1620,6989,3.70Ξ,"($1,308)","Sep 26, 2020"
1621,6989,3Ξ,"($1,034)","Sep 25, 2020"
1622,6989,1.60Ξ,($321),"May 26, 2020"
1623,6989,0.80Ξ,($162),"May 14, 2020"
1624,6991,26.99Ξ,"($49,018)","Mar 12, 2021"
1625,6993,21.49Ξ,"($38,957)","Mar 11, 2021"
1626,6993,20Ξ,"($35,577)","Mar 11, 2021"
1627,6993,0.78Ξ,($125),"Jan 16, 2020"
1628,6993,0.45Ξ,($59),"Dec 31, 2019"
1629,6993,0.25Ξ,($45),"Sep 02, 2019"
1630,6994,75Ξ,"($127,801)","Mar 28, 2021"
1631,6994,75Ξ,"($144,271)","Feb 19, 2021"
1632,6994,33Ξ,"($55,341)","Feb 06, 2021"
1633,6995,23.90Ξ,"($44,821)","Mar 14, 2021"
1634,6995,0.18Ξ,($21),"Nov 29, 2018"
1635,6995,0.16Ξ,($70),"Dec 10, 2017"
1636,6996,0.28Ξ,($75),"Jul 04, 2017"
1637,6998,0.20Ξ,($157),"Dec 18, 2017"
1638,6999,0.10Ξ,($69),"Dec 14, 2017"
1639,7000,17Ξ,"($43,165)","May 25, 2021"
1640,7000,14.40Ξ,"($27,310)","Feb 18, 2021"
1641,7000,7.20Ξ,"($12,572)","Feb 09, 2021"
